label,anatomy,,,isomap,,,MDS,,,tsne,,,PLACE
10,150.72,153.15,74.566,10.43558443,10.76875091,46.76015359,11.61676041,57.49743235,-4.944146467,0,0,49.73420098,14
10,151.45,147.45,70.148,-0.039300226,-0.557728446,-47.70193588,15.96208592,-13.09527255,-11.3693004,0.461487172,0.002338415,45.66361572,2
10,142.31,157.63,73.415,-31.24780852,28.83553562,22.50854831,-1.677618707,-7.097018679,29.09643897,0.968592226,0.009816214,47.91748467,8
10,139.97,150.03,71.576,-26.59810677,-13.17979418,33.95545293,7.374068776,1.414387772,25.36913388,1.408323441,0.021409933,46.44276975,12
10,135.46,162.17,71.701,-2.783027621,-16.09456354,45.55261939,-3.036387654,-51.15491453,-12.94148389,2.00755552,0.04069539,49.64551346,6
10,130.56,155.88,69.944,21.17348854,-42.23405579,-11.12175535,1.527283085,-83.83560866,-5.009688342,2.472467382,0.062654417,48.90463151,16
10,126.95,167.94,67.033,39.6620906,8.933853548,26.62541216,8.074562251,9.816042276,26.26616751,2.761103649,0.083970353,45.5008339,3
10,123.22,161.91,66.501,-2.368568515,-16.6549324,-45.51203109,-11.73872283,-12.6531559,10.09824703,3.473901828,0.123269588,49.05545492,5
11,142.31,164.03,86.68,-2.912916384,-34.42192081,31.34267059,16.93070256,-16.75681136,4.881941519,3.857364302,0.156450444,47.64636486,12
11,186.98,156.58,74.413,26.88214057,36.67333526,19.44210297,0.066809731,-4.992814329,-21.97055023,4.437212136,0.202493972,48.70117135,14
11,180.91,158.67,80.094,0.099752807,0.157191229,-49.63407123,9.191294481,-12.98856109,14.18411677,4.564323665,0.231476298,45.06838944,10
11,172.76,159.39,85.472,32.67915219,-6.991027332,30.69402474,12.73786377,-53.02824889,1.262030255,5.306828904,0.296098375,47.6149211,14
11,174.28,152.8,76.848,12.86694749,-26.81668653,-36.82987807,-16.82747251,16.14959734,5.502654631,5.435592971,0.330919265,44.68404828,12
11,160.82,161.13,88.312,-23.93694934,3.993017992,38.93434706,-12.94943817,56.88220655,-8.60348168,6.069454172,0.400386995,46.03204639,3
11,163.64,155.45,82.654,2.315639541,-45.11057298,6.720045283,4.010458542,-20.7464771,14.62407791,7.015883762,0.49853766,49.38060655,15
12,180.21,165.25,70.244,-29.839011,37.98971955,-10.29660248,12.74597084,24.37587412,-24.52838511,7.439258727,0.56652168,48.83929017,5
12,173.78,161.55,66.354,37.91588829,-10.01820096,-26.81733899,-25.67325173,-21.02344925,-8.197129502,7.839601902,0.636979067,48.21859061,15
12,170,172.3,69.979,14.27617367,25.89423717,36.21399184,7.916707151,71.77535137,-6.259639404,7.976868801,0.688835622,46.14388005,13
12,166.85,167.64,72.371,-18.61338525,-40.62751168,8.025724108,0.295122845,-0.460829376,29.3688828,8.129677699,0.743550776,44.38149397,6
12,158.89,178.88,67.346,-17.92859603,-13.32413675,-44.47548632,1.116164535,-65.11414499,9.708009622,8.590040045,0.829567403,44.39085034,13
12,157.65,172.42,71.809,-10.38347849,7.189770102,46.25486156,-0.553591672,-59.49056286,14.00858863,9.113162535,0.926718052,44.70147947,3
12,150.19,178.93,66.044,-24.81834273,3.519657665,39.32699278,16.3114043,-62.94304284,11.31049963,9.429356381,1.007170554,44.01050845,8
12,144.54,177.28,68.19,-15.14667745,-10.57009717,-41.06128774,14.45102558,-36.29787944,-18.48148228,10.50877022,1.176351115,46.77496612,4
13,165.54,158.95,68.977,-9.054715264,-45.56909583,-7.640819422,-8.712409288,34.92638723,10.60973321,10.58747304,1.239512257,45.03176645,1
13,160.19,163.64,67.953,-22.43381627,16.16228649,40.84412231,-1.144875532,14.84868441,-21.03203229,11.67583625,1.426940178,47.54237785,13
13,154.74,166.96,66.46,4.576803003,-39.99020354,24.10725842,13.39653692,-71.83342165,-7.662927271,11.52632762,1.467982721,45.00740222,7
13,148.19,170,65.653,41.90347566,-24.28009349,0.312820668,-5.269322279,-79.90414338,5.444853926,12.38462531,1.64110831,46.44621894,12
17,142.39,178.68,47.681,9.365990336,-5.404205985,-46.37783582,14.80468314,42.23836307,-0.126968399,12.0659948,1.661141349,43.52380233,5
17,150.71,169.84,46.645,41.4334567,-16.72640347,-8.091404915,24.21536861,-38.19584882,-4.081875357,12.99727929,1.856506484,45.15304441,7
17,127.59,178.67,53.981,-44.85334372,10.17084843,-1.784173547,-4.785223746,20.58351488,-18.18138057,13.46061673,1.992337401,45.09236708,8
17,115.06,173.02,61.423,15.28131797,-4.978693238,44.93504817,4.324993911,6.70617983,19.02005767,13.31972203,2.040506362,43.07561408,2
18,160.42,174.22,47.62,-29.38856313,-1.489636869,-34.70979892,-3.590570906,68.32886924,8.532628146,14.91360343,2.362082733,46.60985387,2
18,158.26,167.05,52.029,-20.44972124,-4.491729357,-41.29487335,5.826810978,62.97528687,-17.87048783,15.56782601,2.546629389,47.06646796,7
26,177.86,152.4,66.383,-14.38973064,0.152453124,45.50977408,13.29203603,1.501089403,-9.210170164,14.5572759,2.457121,42.61414448,16
49,157.13,137.41,72.078,32.89236019,-1.71701542,-31.11748831,-2.704039268,19.81499177,18.19979191,16.01011003,2.78585268,45.41861554,15
49,158.83,130.08,76.253,10.51272712,-29.52306952,-34.02583086,1.204682757,48.60435728,13.25299504,15.801248,2.832073484,43.47597428,13
49,147.77,136.64,73.115,44.28208717,7.0524634,-16.07242733,-4.362076008,72.35157074,-8.324347239,17.46282983,3.221292391,46.6360601,8
49,150.66,127.78,75.598,5.149401429,26.50933234,-40.55487746,6.878670463,71.27777263,-0.471647018,16.99040728,3.223252037,44.07288488,3
49,138.73,133.66,71.427,-37.03857792,-23.5872554,20.87803209,-12.85771334,48.80127773,-2.865678879,17.52506431,3.416768119,44.18559354,7
49,143.78,126.92,72.688,-10.24466392,-29.90579662,32.62021027,6.861574343,25.9400008,-15.41732875,17.75824418,3.555725995,43.54622868,14
49,131.87,127.09,68.962,-3.1893169,-12.95112302,46.12534291,3.899678635,8.750780598,24.24242543,18.49964817,3.801774343,44.14727464,3
49,136.03,121.3,68.768,13.9923815,-37.2637596,-26.07801028,-3.382695221,-76.00231329,1.628676094,18.2094153,3.83839642,42.31285031,10
50,157.51,124.4,87.993,-23.72623971,12.43906238,-40.58991936,3.753318409,-80.54883342,-2.674935758,18.64602177,4.029214933,42.21149825,11
50,193.47,124.67,72.242,13.15132943,10.87453171,46.6914632,19.6173621,-47.16867388,5.948674715,18.77333139,4.156403194,41.42610336,12
50,189.42,121.03,78.203,-34.046861,-22.05127547,28.28562076,-5.522690745,24.23531627,-18.08326016,20.34475454,4.612579388,43.78057287,9
50,182.55,129.81,75.688,-42.94243529,9.695220036,16.14943839,-3.173319737,38.38363542,-17.06402024,19.89037014,4.61565061,41.76044972,9
50,182.41,123.66,82.14,-26.42426178,-41.05167478,0.429048827,2.459099108,-18.52076952,19.47139136,20.35375859,4.831998816,41.71065065,11
50,173.21,130.69,78.028,-22.53922257,0.11810371,44.20952486,14.91667281,16.39010601,20.14404056,21.79023978,5.289797868,43.60350507,13
50,173.14,123.65,87.73,-3.039698293,-18.07652866,-41.82929871,1.579550924,-14.97156717,-20.60469479,22.44530976,5.569406802,43.87426834,11
51,184.39,115.02,68.305,-35.44789173,12.73695997,-31.19157158,-13.66586665,35.43529014,-21.72553986,20.78192696,5.26859676,39.69668044,13
51,177.37,120.56,64.671,-20.60624239,-40.80760512,-5.109505534,-17.40972281,-37.75863679,3.826630089,22.07382824,5.715310111,41.2174538,11
51,172.38,116.34,69.131,0.815354247,-0.224435648,-47.30011317,21.11374588,-14.01473897,-8.816994915,23.11364881,6.109673844,42.20369018,16
51,176.05,111.26,70.528,29.9334392,33.17371476,-21.99887687,-24.75483631,5.755185796,16.75035296,24.17868244,6.522448844,43.18460093,11
51,164.66,112.55,73.319,-4.73644092,-0.653987298,45.32875073,12.50067743,42.25789376,17.90466381,24.32953957,6.695577261,42.51806603,12
51,165.1,107.61,68.773,-3.515907087,45.56606788,-10.42741715,19.83461032,42.02824601,6.722914578,22.71626674,6.375595701,38.85458087,1
51,156.68,108.46,67.78,25.69905314,-9.563488854,39.42332685,-20.94204799,-4.444643664,-12.6721982,24.7794401,7.090294389,41.49334057,14
51,150.9,109.42,66.098,5.696820193,-9.057931536,48.7942072,5.551451263,6.90239831,24.36916238,24.71713746,7.208163293,40.530005,3
52,166.17,122.2,68.257,-30.74102346,3.363180491,38.03117468,0.504642761,-0.385521367,27.17548961,24.12050377,7.1669817,38.74008462,8
52,156.5,116.75,66.192,4.445019992,-7.517021327,45.97375585,-16.97259169,-28.53994869,20.4595162,24.12683472,7.302110711,37.96372533,4
53,152,115.98,44.325,1.048035833,-4.662910862,48.17299523,-3.81115655,-17.39760023,-26.69389335,25.27566263,7.789830842,38.97252497,1
53,132.48,109.49,53.22,15.11575566,-6.388588417,-43.7646936,1.677528259,-76.55288834,3.658780657,25.56538552,8.021191453,38.63527093,9
53,124.59,119.83,63.385,-20.86398306,7.611306902,-43.87892697,-6.282939674,-12.9630333,28.25372526,27.43803689,8.761701209,40.64839707,11
53,148.24,107.06,45.31,6.998873405,-4.333721851,47.79082795,12.47029135,38.48281738,15.62150211,26.98874908,8.769176152,39.20218612,16
53,141.87,108.56,47.773,-7.187101023,-9.200370176,48.49769352,-20.75824896,18.67541743,-14.68388684,25.7605992,8.514676974,36.69394268,4
54,158.32,116.96,49.115,-28.58997619,-5.600167597,39.64914668,11.05325306,29.58704271,-24.38395298,26.47174498,8.898772487,36.98291482,6
54,160.24,110.97,44.347,-23.67430025,-7.040099903,40.21476132,-13.90357098,49.1183115,16.65895014,26.92168786,9.202116077,36.89486378,7
58,180.81,128.03,64.432,-44.26095061,2.152961073,-14.66218151,0.080878517,47.50631381,12.89548036,27.33518469,9.498415765,36.75287994,16
1001,106.75,212.58,66.424,-2.855520904,5.392294766,-47.70118828,15.15014879,-22.4302443,4.86055802,26.62069208,9.401588299,35.11971583,14
1001,106.77,201.58,61.521,0.833926366,22.4639631,42.9503777,13.08300161,56.42286569,13.42560134,28.12753995,10.09434961,36.41482372,5
1001,92.307,208.54,60.736,6.14942903,34.3165744,29.30897162,21.51331792,-42.59351963,-10.10715651,27.32085765,9.961402141,34.71396188,2
1001,95.401,198.94,64.437,30.95114009,-30.73452615,11.66341485,-13.87707196,-52.16010107,11.4084396,29.35934061,10.87350576,36.61544031,7
1002,175.41,148.49,99.058,-25.05909738,37.53626463,13.94338248,-8.4287506,-37.41227062,-14.48071464,28.57257007,10.7470674,34.97971798,6
1002,198.66,147.71,95.506,-12.95633248,-21.95465064,38.11540016,-12.74107585,12.57023003,-22.11003091,29.31582795,11.19651735,35.23346742,3
1002,190.67,147.7,95.724,39.25533617,-2.602402245,28.83890838,5.417269052,19.01204565,-18.90852256,29.38039218,11.39209725,34.66813998,1
1003,184.64,191.93,112.07,-42.52977695,-20.44305159,-12.4412216,2.550388828,-68.0559832,-14.1482878,28.95015328,11.39435555,33.54080042,2
1003,177.92,187.64,112.66,38.55519558,25.48552296,-0.131085715,-13.18491306,49.29632716,5.283240773,31.0231583,12.39217253,35.29266341,9
1003,190.19,179.61,117.39,-29.78450951,-18.2765815,34.05382102,-2.031472224,-84.46524478,1.630352889,31.04812186,12.58494169,34.6842514,1
1003,180.11,178.38,115.18,30.96025493,28.23661914,18.2244843,-9.677571139,-71.77250444,2.166261165,30.03074974,12.35009893,32.94434483,12
1003,171.71,186.7,114.5,-18.26771465,-45.90585387,3.013992986,8.056549047,-4.073857821,-12.87554023,32.32711239,13.48638369,34.82690867,1
1003,165.07,190.9,115.45,20.09608046,-18.12097797,-36.75454152,-18.23186536,-25.56889598,-18.82013292,32.45562111,13.733484,34.3386585,4
1003,170.46,177.63,114.91,-44.42675462,3.168134125,-21.84736789,6.532800948,-4.929786627,26.89305868,30.81444949,13.22352172,32.01855574,6
1003,159.53,183.29,110.21,2.008591991,-11.426075,-46.93076494,13.76904458,6.244228838,10.90966047,32.06362567,13.95239509,32.72042055,5
1005,66.638,161.26,65.546,22.69583313,43.20792778,1.198170594,20.26933953,13.08301401,5.988918957,33.25044189,14.66966485,33.32452984,3
1005,56.783,155.1,68.248,2.483938648,32.08153885,35.47860717,0.681060111,-17.56197804,-26.72044698,33.92774305,15.17432056,33.39487337,14
1005,53.034,148.27,60.265,-0.846025373,-2.159035882,-47.72387671,-11.0479595,49.50057612,-18.86348945,33.63548381,15.24859955,32.51434266,6
1005,48.522,147.79,52.743,19.19922297,23.2023814,-39.0863732,10.28734285,-21.38033232,-22.54965926,32.3788611,14.87715468,30.73844789,3
1006,163.17,174.12,29.124,6.449714344,21.89948259,40.25193999,-12.81234105,14.18454655,20.507037,31.92884235,14.8667844,29.76689293,14
1006,151.06,174.97,33.955,3.232927267,5.446461336,-48.04548328,-0.940122867,-4.981876315,-27.93675595,33.23466332,15.68020358,30.42669164,9
1007,166.02,182.8,29.093,0.066552248,-0.853688916,-48.2802401,13.9996353,45.5331937,11.56107448,33.71121409,16.11438498,30.30611699,4
1007,146.29,187.4,39.848,12.07140566,-0.410768753,-46.13417733,8.214015735,61.35510159,-14.1489716,33.30007661,16.12565061,29.39470021,2
1007,129.09,182.84,42.313,-17.00272453,27.35174706,32.74434435,3.623945079,-14.38243363,-17.99916937,32.66178993,16.02137284,28.30760755,16
1007,122.79,188.14,41.754,3.571167859,-12.39297318,48.09363467,8.027084795,77.92861546,3.977193724,33.33535605,16.56185255,28.3644971,12
1007,115.2,189.83,40.188,17.81557981,-23.37424494,35.37982492,18.63000086,32.92998309,-8.786892782,35.57052061,17.89763644,29.7118901,3
1007,116.72,176.97,45.075,-23.82801994,-33.98960618,-23.21902067,9.535854928,-19.07282199,23.3941272,35.74547055,18.21322695,29.30826692,9
1007,106.72,194.75,39.365,-17.33346988,-9.028869981,-41.26229463,-11.13805025,-44.15158601,4.885752181,33.17806084,17.11737803,26.69953997,11
1007,97.968,192.13,38.677,9.1136833,-35.7740374,29.88421797,-9.980211233,-67.00467428,13.08965358,33.48200537,17.48957032,26.4422234,10
1007,107.37,178.61,45.957,-7.543658808,8.910423326,-44.97402555,-0.779086472,15.20168154,-15.9209206,35.21831839,18.62429761,27.29192977,10
1007,99.31,175.83,46.315,9.488832699,-44.55408018,-11.06534497,-3.418388924,43.97735572,17.94837782,34.6864993,18.5685765,26.37216448,10
1007,90.356,179.73,42.73,14.47504421,-45.35472844,-2.037686065,13.42945086,-66.15978115,-10.15278623,35.6795444,19.33341508,26.61091559,2
1007,81.956,182.89,38.409,-48.38125376,0.350212186,4.896284416,-4.151298841,-44.48959589,15.0485252,36.22377722,19.86641205,26.49840874,11
1007,86.715,169.42,44.238,-6.857997931,5.595561073,45.41712896,-4.788726183,-45.7433867,18.87447746,35.69464662,19.81214513,25.60587398,5
1007,73.713,172.05,38.355,-30.10542176,-31.28142082,19.36358213,1.025188061,-66.77312212,8.848607381,35.21804847,19.7817017,24.77031494,4
1008,80.003,206.78,91.734,-33.6192415,1.131485026,36.91289861,4.356652782,-8.348702019,23.05029783,37.2180035,21.15385655,25.66034039,5
1008,77.599,203.84,74.701,-12.19452613,-18.56174705,-44.07464919,-3.400156131,-82.11844996,0.18624519,34.26934208,19.70831314,23.15610009,10
1008,71.54,198.5,90.391,-18.75977261,39.54780256,23.93119173,-1.122582961,-7.446681087,-16.87635724,34.08226921,19.83121698,22.56520163,12
1008,70.674,200.07,70.085,-0.257476342,32.74840559,-32.07665412,15.80431304,1.920588576,-8.062692486,34.46060155,20.28578102,22.35005584,13
1008,86.729,197.78,81.61,3.568360537,15.25490908,-46.31299724,-0.590479104,-2.360444314,17.6277967,36.7282368,21.87200807,23.32854928,7
1008,85.614,193.27,68.856,33.1833577,30.95706009,8.67499789,-12.21634863,15.30145454,-26.29360329,37.417051,22.53981475,23.26850338,14
1008,77.604,192.67,79.934,42.08863134,11.26285951,18.27081329,5.443925418,-20.56391858,-17.75998105,35.90516341,21.87777842,21.85437916,6
1008,81.757,184.33,87.759,10.08396224,-9.701032683,-45.11238549,1.563504383,68.19562813,-6.497432605,35.62441913,21.95501477,21.21656575,6
1008,63.009,194.35,87.186,-20.57260147,17.54685971,39.86474784,2.883834235,-0.582858969,-23.37947456,35.3368896,22.0256517,20.58522129,16
1008,63.561,195.38,65.696,-44.83247393,3.772270599,-3.208197843,8.959070001,-44.24115989,14.13212474,38.083784,24.00660111,21.69262096,16
1008,65.364,186.44,94.072,-2.612695356,-1.133281249,-48.20855768,-16.95745835,26.0692955,16.54567876,34.35182313,21.8981223,19.12499071,9
1008,70.613,181.37,80.742,-4.440532536,-12.84091739,-43.58958105,0.185688385,-0.536606876,-25.72486067,37.17754415,23.96521759,20.22254424,8
1008,55.735,192.85,67.679,12.14871771,44.20696232,3.665582555,7.507025975,72.77225148,11.23176163,36.2164577,23.60630633,19.23877902,9
1008,50.806,188.04,63.151,34.5361555,27.42731274,-23.5344042,-4.686448694,73.41858713,-2.878353926,35.87083451,23.64086862,18.60073458,2
1008,59.528,183.98,79.286,-15.24772839,34.79064327,26.56140101,8.737539783,38.83146964,-11.00315354,36.13515992,24.0785861,18.28198297,11
1008,52.909,181.83,62.506,-10.69964966,0.643699275,-44.01922058,2.522629703,70.9617917,11.70242378,35.04722942,23.61095644,17.29120918,4
1009,168.37,190.87,29.372,40.07143706,20.79298801,-14.44689322,-6.875480145,-9.364025595,-16.31916831,37.80046395,25.7452076,18.17631213,8
1009,155.26,197.65,34.7,-13.89254069,-33.8277626,-29.78362085,-12.18744946,57.73690651,-9.417405862,37.60813211,25.89414314,17.61447779,1
1009,145.58,206.7,38.208,-2.545683267,45.4014426,-10.34256405,-6.506792289,12.48569982,-13.83391502,37.97871202,26.43396372,17.31539789,2
1009,110.52,209.2,44.49,32.24459246,23.34988966,22.36681216,-2.683355577,1.591114838,-18.25817461,34.9892459,24.61734999,15.51804234,8
1009,121.4,202.01,42.97,39.6827416,24.145316,-7.751384339,8.310760531,-59.01534185,10.48812917,37.44191612,26.62762526,16.14194101,6
1009,87.895,198.54,42.537,-10.37492157,-7.168952238,44.78449986,-22.00989271,27.64213589,14.89112471,36.77707718,26.43643115,15.40043517,9
1009,133.17,202.71,40.917,-35.60401156,-2.70362473,-29.0682873,-2.774070189,32.95316087,14.01388581,35.58787972,25.8561081,14.46285997,12
1009,135.92,193.32,42.014,-0.053578756,0.003813853,-49.15202673,-15.49955893,51.70535805,15.81295331,35.90036588,26.36210602,14.14680983,13
1009,97.199,208.58,39.407,-35.68848708,-7.588919296,27.35692084,4.595057016,60.21933566,10.85348872,38.13246317,28.29968532,14.55605847,11
1009,98.728,200.5,41.212,-6.708233915,16.36382,44.73654774,0.564400196,2.156742189,-19.97633475,35.72782715,26.796913,13.197569,1
1010,107.63,154.28,78.083,28.06503263,16.46257774,-37.22067896,13.64489191,35.91565007,-21.98108784,35.24044146,26.71144403,12.58288187,10
1010,102.04,150.03,83.118,22.61547342,-1.963659813,43.33986891,-0.807224937,-0.875870929,21.88517029,35.91987894,27.51412799,12.38220691,15
1010,97.506,162.53,63.368,12.27399297,-39.36122968,22.34606626,-7.753090395,3.370123388,19.84890933,34.67826973,26.84297883,11.52585956,2
1010,95.43,152.82,76.298,-4.879827574,-7.053176172,45.39361151,11.9668475,-61.13024672,1.208953486,36.37855637,28.45504124,11.64105515,3
1011,81.068,193.75,41.115,-32.85467206,-16.31293341,33.72006242,-4.633550811,62.36826771,16.97349332,37.39156852,29.5540163,11.50200499,6
1011,77.693,188.65,40.565,-34.45023812,2.191853774,-35.16247868,6.527689994,20.38493292,-16.89649215,37.28546199,29.77834358,11.0065387,7
1011,68.479,199.47,49.899,-9.827260259,-0.801246001,-45.05664415,-20.7123863,28.33221007,-10.59001368,36.3602181,29.34237755,10.28099559,13
1011,68.619,193.38,40.994,40.2335094,8.495051119,-25.33820444,-11.5105632,-61.35398633,3.218585206,35.82922447,29.21488502,9.68382657,6
1011,59.078,193.79,43.612,32.56788908,37.82501123,0.814604441,-1.019331638,77.72974235,-0.049794694,35.0900342,28.9094054,9.044876905,12
1011,52.626,188.39,41.58,2.992018529,6.922243994,-45.47240853,-2.810834681,23.73889323,24.6172858,36.075155,30.02916856,8.845748538,13
1011,64.819,180.07,34.246,19.44392402,-33.48227587,25.02915202,2.418634593,-7.057078836,24.92019719,34.57203904,29.07578603,8.041342763,2
1011,59.452,183.75,40.614,-6.230162472,-14.48594073,47.42378337,12.72549872,22.74186666,-15.65080226,34.60081461,29.40060601,7.610013629,2
1011,56.875,165.94,29.166,-32.62656339,12.40439441,34.71428518,4.656903592,64.96995438,-17.0445165,34.96441437,30.01596519,7.245349987,14
1011,51.778,170.28,35.002,-25.7866099,-0.594008533,-41.62904034,13.55711927,-52.35964388,-4.331540839,35.78992763,31.04102528,6.959056345,10
1011,44.434,169.25,45.821,-8.575837016,-4.387013736,46.11251014,-18.62831338,-18.34555262,4.378419443,36.03200387,31.57231301,6.543259739,16
1011,46.679,177.3,36.909,-3.374204336,49.01534144,3.860055855,14.74938711,-53.47827419,15.80972288,34.76445277,30.77444054,5.86399346,4
1011,41.074,160.14,53.111,11.37165948,-12.65924281,43.69612355,-18.36340097,56.60563339,5.86755204,33.58788418,30.03784063,5.229064114,13
1011,39.084,159.71,40.197,32.37868767,-37.42062603,-6.782350496,21.03074776,-2.933630326,-0.224073557,35.47652597,32.05187316,5.059176689,10
1011,48.204,154.1,33.742,36.76854889,20.10395289,16.70154163,1.215130624,-4.232434876,21.95963182,34.90041738,31.85405024,4.517599998,8
1011,41.555,148.35,42.449,5.989495707,-45.2900828,8.819602209,-18.02897465,-47.04815886,-4.664300122,36.58550835,33.73344896,4.250748046,16
1012,224.71,160.22,63.763,10.91257683,-0.919949608,-47.6886942,-3.165486181,-10.97466614,20.31944293,34.9462854,32.5511734,3.593642301,14
1012,229.43,150.95,60.723,32.3095945,-15.50534005,-31.93804844,-11.38447338,-24.50332021,-16.89240063,33.29975638,31.33411871,2.976238807,2
1012,213.06,166.2,64.367,11.37130435,4.153667332,-46.89736127,-15.24641953,33.18433285,0.75022101,33.81217099,32.14086521,2.563397806,1
1012,206.7,152.97,54.584,39.1543702,-23.93174221,-8.380222527,-1.443066777,37.36296092,23.49825429,35.82821858,34.40452257,2.226179667,3
1012,199.66,173.9,64.687,0.375822978,4.234807329,46.52867004,-0.823083768,-11.73491566,-16.99475568,35.38888371,34.32900272,1.710605847,6
1012,192.17,180.98,59.52,12.43838582,-45.59461792,9.232985659,3.660058481,-46.43408031,-19.73947209,32.16206009,31.51670656,1.106851382,7
1012,195.21,159.22,57.357,32.97875691,12.00793393,-30.02785854,4.07542112,-24.05346508,-28.18988055,32.02378656,31.70088547,0.652044586,5
1012,186.91,165.65,58.581,5.868382026,-17.91273394,43.08819688,8.064827151,-27.04021516,-22.32893635,34.89435242,34.89435242,0.215322926,16
1013,93.908,170.92,55.453,-23.97277599,1.526452821,41.46765327,0.731719881,-5.900937494,20.37846423,33.26430447,33.60313034,-0.271535027,2
1013,99.227,161.06,54.985,-4.430173489,-3.611395653,-49.41672307,-4.691241168,11.37502026,-22.38064261,34.10918184,34.80762033,-0.772436627,2
1013,80.407,169.26,50.155,24.00123815,37.56104667,-16.2144721,20.26628543,6.922570616,-20.69194368,32.51697144,33.52090739,-1.212390242,4
1013,83.995,157.23,53.175,-1.800970988,-5.545550945,46.77101105,-7.592716168,62.19172976,11.49607107,32.75847353,34.11405428,-1.706259442,3
1013,69.008,162.84,38.016,-21.7798058,-23.00867536,35.76537876,-1.407444332,-74.77180821,-7.437523454,31.51000839,33.14850999,-2.112945894,6
1013,72.846,150.59,47.851,2.287295983,-26.65788775,40.77078071,9.73528361,27.49962441,18.71713911,31.84169989,33.8391789,-2.617471294,3
1013,58.329,152.98,30.007,-2.789632838,-8.152528438,-45.80132827,22.06949695,-11.02404139,4.868788357,31.45922243,33.77398879,-3.06828007,4
1013,62.251,145.98,37.337,-2.686908825,-8.229742467,-48.5263275,-6.246911031,-38.93842814,17.26861677,31.36417181,34.0159161,-3.545771621,4
1014,218.23,144.89,65.387,-17.81333651,8.234814293,41.33851388,-4.005042303,-12.32576317,-23.09233099,33.19609749,36.37081154,-4.274632894,5
1014,205.6,144.33,58.644,-20.01701897,37.55605118,-22.71681208,12.96821669,38.91936041,3.203317567,32.23730924,35.68177537,-4.664483604,12
1014,191.02,144.49,56.908,0.472842604,35.99093325,-27.3163918,16.29936229,-45.54272512,5.560578972,30.99931153,34.6629872,-4.985569504,6
1014,234.6,144.53,67.412,-4.829277781,-28.4788517,-40.75156533,-4.654271936,24.32556638,26.07071125,31.70562206,35.81636518,-5.617797822,15
1014,227.07,145.41,64.891,47.0977056,-9.87964547,-1.861926928,11.27208977,46.21999692,13.56308335,32.2385636,36.7923645,-6.246988252,11
1015,88.28,211.92,50.329,14.05752367,-6.269405637,42.97121861,18.63987165,45.13067662,13.17429298,29.92927324,34.50809094,-6.30309939,9
1015,174.94,199.27,40.362,23.92094943,-12.2266619,-37.17876548,-0.731276476,8.90765377,-26.04751932,30.962347,36.06681723,-7.049295092,4
1015,180.45,193.69,35.248,-15.68411104,4.2380367,-42.88996058,4.961626187,70.91497761,-11.54027217,30.18791954,35.52738359,-7.396128703,16
1015,166.03,208.19,48.744,-29.72832988,14.00629835,33.93651823,-3.045588664,-0.356047433,18.63667106,30.11662784,35.80963322,-7.9085837,4
1015,161.1,203.66,44.89,-34.3116052,-30.6467501,-19.25359369,-9.285128842,-59.77810084,16.36705459,29.60646332,35.5673435,-8.303719939,9
1015,147.81,215.56,53.518,-27.67432583,28.95718191,26.08481182,19.09098833,27.17740907,16.89899678,28.67322603,34.80336133,-8.56259229,3
1015,148.47,207.8,49.821,12.03882232,11.7579768,46.57662078,11.21108674,74.16036444,0.337313969,28.13429863,34.50399001,-8.920814969,8
1015,133.28,215.52,52.943,1.110089278,-11.98497644,-47.30518458,21.70018393,50.00001381,0.95239688,28.25604792,35.01407013,-9.489494681,5
1015,132.67,207.88,51.628,2.830089974,45.87083567,6.184786035,-23.18823562,34.31563513,-6.736552358,29.08494535,36.41725812,-10.32274148,15
1015,120.69,215.54,56.764,-25.34972079,-5.602985489,-39.5428783,-12.54324325,-53.59556556,14.68208986,27.6444258,34.9755658,-10.34796973,11
1015,118.28,205.94,58.693,0.77793422,-1.052174252,-48.05950983,8.844536745,-9.349304027,20.80940719,29.40869499,37.59776202,-11.58914479,12
1015,108.47,216.86,57.92,-0.558928749,-7.194696156,45.7282757,-2.828409614,6.610935227,-27.41666314,29.46909274,38.07092921,-12.2053233,12
1015,102.66,211.36,53.746,-43.5280289,-11.05706653,19.2635192,13.27330983,-60.00372731,10.5944359,26.47227635,34.55973462,-11.50595287,6
1015,77.694,208.42,52.169,14.82303481,2.463676782,-42.78271378,-3.828361451,2.811946474,-22.42484326,26.53018532,35.00130662,-12.08420702,1
1015,77.341,200.83,49.359,-0.439639675,30.15291743,39.61380147,-2.733368247,11.71432803,21.41538048,28.14142139,37.52043525,-13.41584555,8
1016,137.06,173.24,41.621,-33.85064352,-30.17812678,18.76287653,-13.52849612,-42.09872507,21.9292895,27.15915735,36.59565665,-13.53550894,5
1016,113.17,170.03,52.817,1.689962142,-6.240024524,-44.61599216,7.097116443,59.69979701,-10.4340738,27.99206078,38.12006609,-14.56839221,1
1017,130.31,151.96,108.79,0.100953437,-3.402016814,46.20060404,-3.179522637,4.00347904,17.60704197,26.97843446,37.13262944,-14.64806522,16
1017,122.73,151.19,118.51,28.46782539,7.700267925,-39.76051047,-7.436718533,-49.90467767,-10.95587325,27.41385703,38.13682451,-15.51391779,5
1017,113.47,153.97,115.46,-41.28993199,25.48178964,4.328345396,3.549136466,4.621987392,-14.94290623,26.92198998,37.85583132,-15.86635413,13
1017,106.01,160.56,114.63,1.884351079,10.93824934,-45.18598075,9.443633375,33.38764368,-23.63478422,26.35311134,37.45632628,-16.16138236,13
1018,179.56,183.93,82.445,24.88197766,9.818971806,-38.99960281,-17.52163764,-41.98939128,-11.28431592,25.07891769,36.03186427,-15.99244489,10
1018,189.53,199.86,87.488,18.12433865,-34.46958412,-27.79491492,-6.720458784,11.68652463,21.51212021,26.50555388,38.49613276,-17.56337969,14
1018,182.37,196.8,86.482,20.44247719,-5.74493666,42.55987512,-0.030737708,0.278296899,24.03057725,24.4004077,35.82595821,-16.79036417,4
1018,197.31,195.75,91.641,-19.51312131,-8.701677323,-43.49104073,0.730913746,6.130947722,-29.44109047,25.11166092,37.27481958,-17.93396883,7
1018,189.94,186.67,84.86,33.3683682,-26.33369847,25.97140537,3.684654107,41.09668832,-19.17255183,24.16687703,36.26765969,-17.90290641,7
1018,175.27,196.46,82.132,2.653332543,4.037815945,46.35412788,-15.3513515,-13.15560677,18.29208493,23.83887261,36.17127053,-18.30929243,15
1018,170.69,193.38,84.32,-15.9198614,5.507386763,-43.61284902,-2.702363809,-69.19842423,4.381717338,23.9301153,36.71324079,-19.04626546,6
1019,217.29,183.05,66.383,39.75980283,23.24330409,17.07701478,-14.86707027,-22.70708024,-16.41812986,24.27669384,37.66074118,-20.01449562,1
1019,205.77,189.52,61.97,-38.59507839,12.67814018,23.05773441,-9.008271211,-66.095705,8.857212173,22.15437076,34.7538029,-18.91163399,8
1020,203.48,196.25,79.124,0.311649673,-1.130363426,46.88751509,25.28915219,-30.06801972,5.730680555,23.89529592,37.90721079,-21.11221388,12
1020,194.63,193,73.78,-2.012267485,9.833006409,-44.79832303,-17.03207038,26.35508607,-10.20908871,23.63426713,37.91767434,-21.60550487,16
1020,198.07,179.28,78.488,-9.857146627,-2.185284815,-47.40776684,-26.74384273,-5.569689535,6.285195258,22.61714695,36.6988012,-21.38560271,8
1020,214,193.65,78.002,-45.22584667,6.589766141,-13.19408905,11.52328182,-9.175084195,13.43611704,22.49342224,36.91553986,-21.99235583,4
1020,208.8,188.9,82.328,-38.06919575,8.143413058,-26.96296891,-9.124558875,75.5465989,-6.036059752,22.13383531,36.74310786,-22.37106623,11
1021,70.334,157.64,60.306,36.28843593,-18.24282592,-22.06590743,4.88132168,37.11635901,-23.11683844,21.91572292,36.80164429,-22.89235299,1
1021,56.731,152.73,45.948,0.76997543,2.548583062,48.7641081,-4.069799412,40.10573695,23.32509326,21.80662157,37.04413927,-23.53572549,9
1022,147.93,203.58,84.606,0.221131142,7.09785472,-47.2436501,15.99592385,-23.06118861,1.863567763,20.07457746,34.50051271,-22.3819963,13
1022,138.6,198.02,93.817,1.765112483,7.086688151,48.67735896,3.249297627,29.19856997,25.61349677,21.07121855,36.63919847,-24.26454731,8
1022,107.84,169.27,131.09,6.4199118,38.04132888,-27.34190492,-8.415293473,-50.93105347,18.64743283,20.61346131,36.26723446,-24.51254898,6
1022,149.44,213.68,87.051,-1.119493174,31.87987757,37.52740339,-10.5738406,-57.96269864,6.83173257,20.65656019,36.77558932,-25.36197446,2
1022,140.64,212.34,93.88,0.011717382,1.494192293,-47.59077988,8.265184708,35.3097462,10.47033765,18.92662015,34.09923628,-23.9897352,11
1022,134.17,209.88,106.38,-17.35462065,13.71860564,39.80060037,8.820063879,7.470482908,-28.00339427,18.66945411,34.04128259,-24.4263301,8
1022,127.23,206.29,111.16,-17.10943419,-12.1885369,43.51893984,-16.42849749,-65.45674444,1.25167985,19.19103048,35.41677563,-25.91509558,14
1022,121.78,200.45,112.35,35.57062786,-2.231991816,28.90801448,0.109149752,0.210993038,25.7473937,18.40343425,34.37801004,-25.64729772,11
1022,121.88,189.55,110.32,-29.88280576,20.95445714,31.54631508,3.571105826,30.56204099,22.73217056,18.34252667,34.68549299,-26.37890845,9
1022,115.15,201.79,115.26,-15.07959598,25.66025393,39.47159317,11.33482855,-6.4160144,-19.97499793,18.38751948,35.20103779,-27.28655156,14
1022,114.14,192.04,117.28,14.94723949,-33.13955599,-28.12807868,0.037475936,7.220802709,16.09622324,17.35497432,33.63858606,-26.57396228,4
1022,116.66,178.19,119.85,-6.873732809,-46.13235088,11.60761063,-0.735347083,57.23366306,10.00654792,17.73745884,34.81172307,-28.02305458,7
1022,110.39,181.3,122.45,-44.8737414,-4.499242188,-4.76859241,21.19033444,16.52857014,19.12202062,16.5628747,32.9177586,-26.99866018,11
1023,154.48,149.05,100,37.58572533,-16.29334377,23.14915961,-1.823057274,-27.57578889,25.06565174,16.49329637,33.19736758,-27.73912463,10
1023,134.11,151.83,97.23,-27.76856225,31.9583976,-19.45215704,-9.458991378,-25.5084296,-17.64501003,16.32780391,33.28649216,-28.33308106,7
1023,119.79,152.25,95.881,-2.161199489,-46.50768629,16.24918877,2.361935245,53.93399696,-14.33806971,17.14889488,35.41311461,-30.703674,3
1023,105.86,154.14,96.567,-11.22165732,36.54564437,27.21374913,-4.511458333,29.01402978,-20.88295482,15.97168025,33.41267649,-29.50569563,12
1024,123.59,159.68,126.89,-2.972928337,1.333664258,-45.24428073,-15.71065509,-51.0185197,-13.4828274,15.94758753,33.80139163,-30.39971516,16
1024,167.36,206.9,82.663,-2.100826525,8.099005242,-48.41102468,13.10594182,2.212027529,-9.573808347,14.73965498,31.65581119,-28.99376729,10
1024,159.67,207.34,90.69,-27.85360662,24.69047965,-31.43517981,3.011650289,-33.53410566,-26.16908007,14.86233009,32.34659664,-30.17003871,14
1024,169.44,197.94,94.811,-47.97361703,3.120261003,2.674098371,-23.53152014,42.95155363,-8.440187579,15.17365693,33.47017478,-31.7895908,5
1024,164.47,193.85,75.22,-32.50492499,18.64000308,32.71410057,2.980406794,-74.69951713,12.27159204,13.80954199,30.87628143,-29.86200653,6
1024,152.96,204.12,101.56,-11.50906123,11.07483017,-45.17218399,1.155856933,-0.765058504,-17.15441634,14.50948615,32.88737888,-32.38779189,6
1024,145.36,197.52,110.34,-31.85014722,-15.02944658,-32.63334501,-27.1428049,23.93591184,-1.390005821,14.51555811,33.35781554,-33.45048779,14
1024,154.92,192.24,109.05,31.66385385,-33.01182916,-10.08875675,11.32916745,60.07121173,-0.170466245,13.5658687,31.61221229,-32.27831196,9
1024,156.82,191.99,82.185,36.4162871,-27.03857716,-9.405029346,10.82710786,38.45654539,-16.90662432,13.21864293,31.23892427,-32.47917163,15
1024,144.13,186.64,118.29,-6.390161196,-47.55295045,-10.32646182,-2.771342852,18.47705777,25.45318623,13.19299265,31.62384862,-33.47973238,10
1024,140.57,176.68,118.93,21.78620035,6.548732005,41.56277574,-17.28255605,-11.499303,23.29730889,12.24150132,29.76668162,-32.08965387,11
1024,134.4,194.41,117.61,-13.770491,-4.216884173,-47.69572603,-0.864332084,19.83621593,-19.20492844,12.11051264,29.87766503,-32.79903953,10
1024,128.3,187.13,119.59,-33.69366427,7.319701866,-28.9671905,0.468716311,24.71059388,-14.53278649,12.30072217,30.79421711,-34.42544337,4
1024,136.39,165.88,121.26,8.3683823,13.56530781,-44.60366974,-1.96114021,5.739276189,-17.01051746,11.33443122,28.79790084,-32.7858684,8
1024,124.75,174.61,119.09,-4.55453884,36.97162313,-31.43423528,-9.94348014,-34.36913342,23.91100398,11.15937282,28.78019232,-33.37015101,14
1025,96.884,156.47,111.92,24.3233401,35.38748025,16.37586692,17.44736534,-17.84534298,-17.14396336,11.61605663,30.41430716,-35.91763588,2
1025,88.428,161.72,75.215,45.72116845,-18.20230827,-3.906232011,-16.08644717,-19.40078313,16.02239677,11.37268217,30.23585375,-36.37036912,6
1025,87.708,152.32,78.212,11.91903816,8.75883352,43.72638475,3.052022122,69.53885287,-4.758896738,10.42024434,28.13549828,-34.47543114,3
1025,78.24,160.61,72.527,10.01754341,44.30586328,6.386750642,5.658173703,-14.89138888,-20.79779408,10.66319365,29.24564151,-36.50762027,2
1025,67.108,165.62,73.29,1.467064116,8.037053491,-47.3827631,4.148352216,10.37742983,-26.33161189,10.74191885,29.93196823,-38.06854889,6
1025,67.084,153.5,89.731,-7.935985117,-48.53692396,7.646322776,-12.87578378,30.52466472,8.327366952,10.23512433,28.98085776,-37.55745522,4
1025,85.247,156.4,115.92,-24.21985259,-28.68958943,-27.81089847,-8.957074141,30.06963202,16.23734024,10.17696865,29.28797016,-38.67917013,4
1025,87.35,150.22,101.59,12.31906682,-45.3192543,-2.708882607,-14.90289809,38.16576601,4.043312889,9.098735596,26.61923818,-35.82939513,14
1025,77.362,153.09,102.13,15.05718879,9.421153012,44.01618318,-15.41856511,-59.61406274,-4.980735751,9.071878258,26.98669374,-37.02598199,9
1025,77,149.24,76.916,19.16313597,-16.61136276,42.62012464,-8.234547684,22.09037711,15.24270765,9.058119294,27.40474845,-38.33160352,1
1026,205.95,145.5,79.814,-19.00221943,21.54670846,-39.00371147,8.349992704,5.621966884,-23.8413498,8.49376452,26.14111923,-37.28164517,4
1026,216.26,146.6,81.544,10.81316281,40.73826411,-25.78709363,8.53006241,-58.58670213,-1.836233999,8.51830937,26.67583397,-38.79702733,16
1026,212.19,149.99,86.27,-34.05054685,33.26525748,-0.129633894,-2.821254838,-42.81963964,-21.8375644,8.567475821,27.30651968,-40.50705625,3
1027,227.38,166.02,97.348,12.57662862,-38.16047159,-24.13640895,-16.24395886,72.92009136,-1.674181694,7.935225698,25.74742529,-38.96377296,4
1027,228.51,179.17,77.745,-15.21767933,-43.44120597,17.31259997,-3.315432874,17.28104232,-18.29181245,7.663697298,25.32154953,-39.09886264,14
1027,222.2,183.87,82.538,-12.10845485,-7.648755746,-43.06829035,21.98348227,-19.60810386,13.25451179,7.780584321,26.18558569,-41.26402093,12
1027,221.48,174.74,90.104,3.612102931,-28.94130172,-36.84198019,14.05652904,51.56673197,5.174557484,7.452377636,25.55456015,-41.10616799,1
1027,218.51,168.68,100.89,-35.32702787,-18.17353699,25.39181249,-13.02485455,29.61197498,15.67062359,7.12529258,24.90175315,-40.89753434,5
1027,232.25,171.04,77.568,1.099704156,-4.771456837,-49.4348883,11.00332111,-12.39976264,12.37682768,7.030647299,25.05021757,-42.01575807,6
1027,234.97,162.1,77.261,-26.96148707,33.88436673,-21.83652798,-15.45862406,-37.68827041,-7.415722325,6.645118419,24.14618863,-41.37076017,11
1027,215.79,186.53,91.351,-28.72952932,-33.55791671,19.54879381,-3.266600314,44.03899985,-22.47260103,6.098879781,22.60851422,-39.58019683,5
1027,211.16,180.26,98.758,-1.078216314,-28.77668929,-38.11270358,-0.491550132,50.32947362,-14.39910141,6.014586771,22.7539227,-40.71424676,8
1027,210.3,171.25,108.39,24.03396686,38.26964459,1.098765542,-3.514532564,-27.08236063,23.46626916,5.96204937,23.02679141,-42.12477807,12
1027,203.39,170.51,109.19,7.029866469,-4.348472477,46.71898049,-3.395015593,79.44503478,-6.962686573,5.642581758,22.25710702,-41.64126239,12
1027,201.37,186.6,102.68,-17.67957569,-2.882578354,-44.75166783,-21.88955107,-33.35065238,15.29903527,5.308937608,21.39559083,-40.95196334,1
1027,193.45,192.09,102.88,-12.19936763,-1.160890044,47.78571824,1.463532596,-20.84986567,19.36997183,5.046368713,20.78748319,-40.71924523,1
1027,190.45,183.14,104.45,-15.55019999,-45.81259139,6.372335707,8.392212594,8.259043842,14.57788032,5.155897723,21.71811327,-43.55395456,1
1027,197.69,178.46,108.66,5.539180655,-1.206645454,44.64718939,-20.67232977,-28.759753,-15.51039446,4.607529941,19.85537548,-40.78123133,10
1028,236.13,157.35,93.055,-45.31965513,-18.50690077,5.134135532,10.64065726,2.572751388,21.6755329,4.433573682,19.55521211,-41.15283545,7
1028,231.14,148.63,92.799,5.769925274,1.055667323,-47.07834956,6.033361815,-75.47159231,-6.299948953,4.189052533,18.92079948,-40.81499952,5
1028,217,156.08,106.08,-5.296981561,43.08255465,-20.68852064,-10.05431538,56.1506977,-0.33875611,4.404261285,20.38162599,-45.08797481,11
1028,204.66,155.19,113.04,-0.869822201,1.943565038,-47.75593467,-2.574930696,-20.39325133,-20.08048762,3.822155118,18.1323663,-41.15547339,10
1028,197.36,149.11,114.56,18.14577124,28.38968443,32.14934701,9.95190984,-29.46068865,-20.31615454,3.731656765,18.15845208,-42.30821113,2
1028,192.59,167.55,121.39,-37.82400418,3.14969987,-31.88862133,-24.50460426,-1.134551114,7.726173153,3.823249668,19.09432877,-45.69378879,5
1028,188.1,152.37,114.81,1.335947089,-47.84603388,1.818185872,16.33925569,33.91480726,-2.203021614,3.471046316,17.8034645,-43.78366144,9
1028,179.25,168.07,127,-12.42433104,35.085263,-33.34370795,-9.618784843,-47.28304515,-18.81259625,3.357861165,17.69995896,-44.76072254,4
1028,166.25,167.8,126.37,3.384947384,7.631997911,48.22660136,9.541680618,63.46183362,15.62793993,3.292799906,17.85047659,-46.44833966,2
1028,158.08,170.06,126.47,22.05018602,12.96581262,38.41145412,8.31451718,45.51736444,-20.35207801,2.867074366,15.99653164,-42.85850993,11
1028,151.17,174.26,120.15,-35.80265226,-25.13025596,-18.13064271,-21.87274361,-13.01741988,-16.79342728,2.862171002,16.44870636,-45.40959132,4
1028,216.63,147.9,106.99,-21.42428178,41.01951798,17.15946547,-10.88771834,-10.96264633,16.12657742,2.729394035,16.17036442,-46.03350151,3
1028,220.4,149.65,95.206,-21.70967435,28.66447694,27.7551096,12.67478071,-8.281173463,24.63905228,2.528734479,15.45843245,-45.41648518,1
1028,179,152.75,127.44,-24.81701737,42.22510672,8.973145129,13.30917148,39.60162901,-11.01424451,2.29913301,14.51615453,-44.05272286,1
1028,177.58,152.52,110.15,-13.33465053,-28.6102347,33.45963959,-15.61958418,44.45864614,13.76204687,2.157316154,14.08221608,-44.18455506,3
1028,166.56,152.89,131.53,42.39064379,-3.799867207,-20.19098694,14.68148483,-20.43779548,-19.43351287,2.057998833,13.90423806,-45.15009534,3
1028,166.87,154.56,111.55,-4.970124632,3.275568404,-48.79275195,-1.139621307,15.38213357,17.97831905,2.013405465,14.09571869,-47.42154917,15
1028,157.41,153.33,123.42,-30.85813329,-20.49707129,31.22633712,6.032900686,-41.27997091,15.41607711,1.83749234,13.3469515,-46.57440411,2
1028,152.21,151.53,117.1,6.134220333,-1.714076336,-44.90096447,-17.87443784,24.77259161,-18.26574531,1.678357291,12.66572478,-45.89972117,1
1028,145.11,151.17,114.56,-24.9336869,22.11725208,-31.90082655,22.67008606,11.68370768,-7.259206019,1.560265752,12.25091683,-46.16832872,4
1028,141.02,153.91,117.44,-8.836663111,5.085648506,46.27380311,1.755499715,-7.430411984,29.39747726,1.505372207,12.31760074,-48.3421286,7
1029,106.32,188.14,105.71,-0.473840234,3.368433809,-46.63795267,7.174602029,-59.90047428,-5.146395217,1.305038122,11.14717169,-45.63210713,4
1029,102,178.66,108.88,-2.118528104,-0.03718217,-45.79864004,-2.885144565,-60.63205023,-14.93416995,1.239594198,11.07374358,-47.36406941,11
1029,91.348,189.2,112.75,18.75038525,-40.86645704,-14.93210154,6.968124497,59.60165924,-13.41232823,1.056659673,9.892684609,-44.29232174,11
1029,89.485,185.14,106.19,25.78865145,23.7614929,-28.76284742,-0.531771957,-8.296067049,22.1826819,1.044623822,10.27262462,-48.24413728,14
1029,80.481,180.25,111.81,9.547174395,1.350926661,47.09879867,1.132815635,-3.291122195,27.38913289,0.863064985,8.936902243,-44.12428107,16
1029,82.808,174.86,94.521,-11.69899656,-48.36197657,3.556064671,11.06662551,-21.42070973,20.85474298,0.848862586,9.281113623,-48.29479272,13
1029,93.203,170.63,118.79,-0.435200887,-0.069183837,48.78574526,8.041340453,-64.25988171,-8.470697989,0.748391148,8.666534958,-47.6603957,16
1029,88.665,163.8,124.5,-43.68670813,12.94587534,8.825322589,17.62878426,-52.08623955,16.09148718,0.662862726,8.158164296,-47.56198018,2
1029,69.067,172.03,96.16,-30.541185,-30.32763911,-24.70864199,16.7745526,-16.01057677,7.866480497,0.553730843,7.271296319,-45.09671883,12
1029,69.28,176.06,76.26,-10.70837915,-3.51916325,-44.7471428,6.294501893,2.034686274,-21.13941142,0.52986585,7.456763083,-49.39225415,12
1029,74.364,166.05,108.2,-24.23316081,39.69963164,-8.660210568,-24.08717498,-7.446477887,-9.63863787,0.431647405,6.543329765,-46.49793549,11
1029,66.745,159.81,97.606,-27.31923259,38.72658323,-3.691640256,1.225876278,3.376893537,28.14550469,0.390299151,6.410951377,-49.12810841,8
1029,56.149,176.48,67.036,-27.61635035,22.45373619,31.97947466,9.108552095,10.83490292,26.02286782,0.31679576,5.677778192,-47.20327904,12
1029,50.762,173.31,74.084,-1.663810417,47.59143799,-11.7652981,-1.441966772,-82.4078398,-5.78261093,0.263277571,5.191391342,-47.15648862,14
1029,51.984,159.97,83.809,-2.979804069,44.40518533,18.91738023,-14.25941911,-35.14896,17.21706573,0.205666669,4.506734844,-45.10870864,12
1029,44.601,160.81,68.683,18.93561011,-29.07895485,-29.17081827,3.052461369,5.677944283,-22.68551178,0.171722091,4.233894434,-47.17885208,12
1030,180.48,197.88,56.871,3.560713961,4.245176169,45.92754822,-6.646948494,-9.279490897,-20.88900683,0.129864472,3.659754461,-45.9846685,16
1030,174.59,191.42,48.826,-14.86594397,0.800689596,-47.31105373,7.814390322,14.42157953,-25.15227618,0.103582617,3.405991875,-49.04793126,1
1030,190.14,187.51,46.915,11.5376897,42.06668156,-17.3480513,0.466191618,-25.90776303,-20.60442817,0.072563088,2.86348316,-48.28225159,1
1030,182.41,183.65,43.449,11.80485374,-4.17094663,-45.84734336,-5.711550147,72.15169824,6.626437887,0.045903873,2.264496633,-46.0448491,4
1030,169.25,201,57.362,-29.96346684,-0.981939174,-39.55714237,20.85478525,-25.54778711,-6.09201619,0.027308159,1.796302726,-45.98824101,11
1030,159.38,206.7,63.948,-1.174638331,8.553695668,46.64363925,2.694397146,-28.37565099,-24.42491464,0.013394922,1.321712972,-45.66247052,13
1030,160.5,194.02,53.463,-7.771544211,-7.575051313,46.7678448,5.456373261,33.64637135,-21.43499692,0.004341568,0.856810319,-45.49117138,13
1030,151.61,201.17,61.528,-10.75240522,43.59238719,15.3115642,13.71337216,-57.67549495,1.398934869,-2.67E-15,0.43320647,-49.6405446,12
1030,143.03,214.07,67.025,-28.73487379,30.95478352,-25.63511565,-21.81645435,-29.50659613,-1.269981987,0.000320539,-0.063258585,-45.86094632,16
1030,131.4,215.58,70.631,16.14270994,-9.519346633,41.55503101,12.17716946,-30.20804081,-13.74389258,0.005300093,-0.522974444,-45.53421251,10
1030,141.26,201.64,63.434,0.792799836,4.410369565,-45.80985053,-11.34609303,-32.98035452,10.95246393,0.0156872,-1.031887957,-47.78968705,5
1030,128.96,201.03,68.596,11.86983517,6.501117334,44.42300282,5.72860157,-25.4667474,14.32640656,0.029170441,-1.439015069,-45.39259397,15
1030,116.36,216.3,75.076,18.27187352,20.47407133,-39.16383171,13.5048155,55.38803306,-3.629188234,0.049590301,-1.956931466,-46.80042521,10
1030,97.862,214.36,71.257,21.70475714,-15.87436813,-41.1252828,8.456600204,55.12790158,10.15620423,0.077770786,-2.557250177,-49.24215351,16
1030,118.45,204.9,71.857,6.850109006,4.512341345,-45.54942428,9.464381594,-78.15630296,0.922832703,0.103128278,-2.906292776,-46.8333454,16
1030,113.25,194.64,74.522,10.14626671,25.6013138,38.40967184,5.694785568,-34.94781004,22.1755581,0.143802262,-3.545517029,-49.1154107,10
1031,126.64,197.72,83.944,7.025802008,-12.08241239,-43.36406601,-2.819303165,4.219660039,-27.8757069,0.18567599,-4.068682869,-49.42059941,10
1031,130.17,210.13,86.537,-32.09064236,0.906066398,31.68418701,-2.352603792,39.94872517,-23.99809818,0.222386885,-4.385095715,-47.41772091,2
1031,123.48,213.22,89.935,17.87058147,-34.26559927,-24.84887652,-2.886836376,-24.04195725,-27.42883323,0.283268722,-5.076889199,-49.46318104,11
1031,112.89,215.43,90.982,-26.85227087,37.4248308,-13.41727499,-15.69280351,25.02823779,-21.10558018,0.317689354,-5.218281918,-46.2554925,10
1031,113.09,210.05,96.423,3.91132756,48.58475298,-0.249365631,-12.98797328,-70.97055581,8.157527834,0.373761697,-5.665842093,-46.06262752,2
1031,111.81,201.55,90.082,17.71254039,-1.83191592,-41.37851967,1.021232946,62.93011987,-9.746286635,0.428887431,-6.035701224,-45.31061705,12
1031,114.58,191.31,83.884,46.63289955,-3.789294272,-16.01612282,15.65086975,9.508287939,12.66022218,0.507034605,-6.658106385,-46.42114616,16
1031,99.245,208.84,94.695,-4.797946511,6.370219567,-45.45235997,-7.876715211,-18.0158609,-14.28657033,0.560938948,-6.903740277,-44.92643,15
1031,98.316,213.05,84.545,-4.253252372,-21.51582424,40.07810507,4.767944097,-11.78721285,18.34620886,0.630365864,-7.299776078,-44.53071832,10
1031,86.244,206.71,87.64,-13.78484745,-39.78647058,-26.09130679,15.58817705,27.88745816,1.321802277,0.717171173,-7.841253994,-45.01114067,7
1031,85.914,211.93,76.729,0.719575064,-3.56104228,-48.06589482,9.024905813,-4.886124277,12.5333212,0.842857118,-8.727652957,-47.30185096,6
1031,103.58,202.61,95.825,-1.514705399,22.16679188,43.11899527,1.556844586,4.852556235,23.99178075,0.967613356,-9.515318886,-48.83742637,16
1031,103.28,194.04,90.136,22.61536467,-29.55192158,27.11725125,25.7983591,28.21324297,-5.833269075,1.033121271,-9.672312813,-47.13854472,4
1031,93.176,203.87,100.65,-5.880617724,-0.801055162,46.18352399,-5.534100284,-39.27698452,-21.92471951,1.078550959,-9.635086037,-44.69615666,3
1031,91.576,197.22,99.197,-31.68117281,-24.07815002,-26.96158054,9.553109785,79.82161673,-2.550471844,1.264102959,-10.79751808,-47.78155121,15
1032,238.84,148.67,76.977,36.19444182,14.71352716,27.48446029,-2.816469828,-55.38665784,11.08347598,1.380072806,-11.29234732,-47.76491582,15
1033,187.17,180.17,33.745,-2.071053407,-2.653282463,49.11887975,-12.05406742,48.21113567,-15.46095073,1.424939778,-11.18836242,-45.31805539,14
1033,181.38,170.16,36.059,2.37292292,-2.906394056,-48.89493031,-3.840498184,-36.97098715,16.62524427,1.505058306,-11.35792383,-44.12746248,8
1033,175.48,172.28,36.757,19.92070848,28.39507813,-31.56258666,15.92357867,25.49382205,-17.63843832,1.694571969,-12.30882404,-45.94081506,12
1034,140.97,199.71,71.44,-28.45177307,-17.83145774,31.03143039,-4.623873275,24.47294062,-15.95806877,1.857021573,-13.00088539,-46.6812169,6
1034,129.72,190.6,73.941,34.24984528,-27.81085931,9.441349643,-10.98492948,-4.348983985,-27.7037175,1.87944233,-12.6978758,-43.91937034,1
1035,184.26,179.23,71.139,8.207281931,6.399181111,45.97708465,5.530177345,34.36167706,-15.63310454,2.073713612,-13.53648751,-45.1558496,6
1035,181.8,173.65,71.712,13.96247166,-43.78246624,5.919811202,4.152701958,66.36445371,4.561628039,2.323110916,-14.66754507,-47.24309722,14
1035,171.54,183.03,62.321,-18.35446737,-6.091288752,43.208914,-3.119711404,-34.03707613,-14.20246822,2.454670275,-15.00566981,-46.7159756,9
1035,167.43,180.45,73.758,24.02074243,-35.38701984,22.93181692,1.122970278,-12.00298728,-22.44021371,2.557739774,-15.15339438,-45.64305901,3
1035,159.01,185.38,67.136,37.03398069,-31.7502141,4.784326607,-26.58570953,13.26855725,-5.907442578,2.57688551,-14.80918961,-43.19652404,7
1035,151.61,186.47,69.826,-40.09359264,-20.43688169,-3.334816965,-15.0164132,3.134211247,-9.164303498,2.770882079,-15.45983717,-43.70666809,1
1035,143.49,186.66,72.72,1.672580481,-45.97110469,-7.408030859,14.52723602,15.31592611,23.71846186,3.048877454,-16.52815755,-45.32542898,4
1035,132.63,183.89,77.668,12.71616003,-13.09075146,43.23625683,-1.027813044,-4.340354066,-26.07862225,3.123815313,-16.46625639,-43.83441421,6
2001,123.23,81.345,67.32,-14.41647695,-25.54176855,-34.17404922,-0.46947787,-23.56603863,22.01641204,3.221880894,-16.52546146,-42.73516529,15
2001,127.8,91.209,63.704,-38.95856279,-13.39955346,26.57814459,-1.16060239,7.292402532,-25.05726792,3.344166666,-16.70166045,-41.98493327,10
2001,115.96,91.639,70.534,10.39789664,-32.45075111,34.63275486,-4.853953661,-29.49565909,22.00228402,3.737072271,-18.18480424,-44.46500642,11
2002,194,135.27,95.516,-0.456249438,44.7605235,8.738636426,1.002835789,4.767090549,-16.91667266,3.702268055,-17.56362011,-41.7982506,6
2002,177.64,136.93,102.15,-14.39986426,-10.047451,-45.21299625,-0.787448172,1.790377958,15.23840539,4.240341654,-19.62305414,-45.47671469,10
2003,199.42,107.75,120.23,-24.74678313,39.3445891,-4.721709355,-15.45580662,-34.63387447,1.686503664,4.36478584,-19.71453855,-44.51621262,2
2003,190.38,112.38,121.04,-3.64310074,2.785670308,-45.63681055,11.91215441,-43.9615966,-7.864267463,4.244669108,-18.72200863,-41.21083091,10
2003,189.77,100.82,119.55,24.37103014,41.44708627,1.283385281,-0.018795899,-36.21033482,-24.71573197,4.492968794,-19.36169348,-41.56580299,12
2003,185.43,104.27,115.64,3.869100692,-1.125940132,45.88848835,-8.661785528,32.3535306,22.94748609,4.997704518,-21.05175832,-44.09717385,15
2003,176.79,109.52,116.47,2.925725283,-35.36231054,28.74145614,-4.623452357,62.35526288,-9.150310591,4.789560206,-19.7296131,-40.34185699,7
2003,170.18,105.38,115.09,2.244401826,32.37620584,-35.94983225,-10.81533408,6.567256225,11.96038165,5.147137371,-20.74351844,-41.42003104,12
2003,179.13,101.29,114.92,42.20360704,-23.50840558,2.176662498,1.571860025,19.1069493,19.13124797,5.604735686,-22.10782357,-43.12522076,2
2003,174.73,96.616,114.65,-16.51831909,-12.59841429,-40.25060368,14.40121557,39.69971475,0.517648968,5.550225558,-21.43623413,-40.86478906,15
2005,80.972,130.83,77.86,-18.12432036,43.01869738,9.678287586,-0.376323932,0.77664391,-23.5797556,6.153759268,-23.2804294,-43.38675412,15
2005,72.232,139.27,80.459,11.09675764,-46.90753704,11.08535978,0.692768548,0.129887941,21.27168859,6.079334431,-22.53605972,-41.072568,15
2005,63.408,138.61,76.933,41.60859755,1.089042547,17.3147598,-13.41374633,-11.97495659,22.13170657,6.33929866,-23.03493957,-41.06800925,10
2005,55.967,136.53,70.506,-1.963403054,-4.522873474,46.92790057,-9.224716256,20.21239042,-26.47049076,6.601631899,-23.5216344,-41.03503824,8
2006,169.73,117.12,29.259,18.04755382,-6.155324585,43.07161781,-1.905396517,-75.5017637,8.478702348,6.609810172,-23.10022493,-39.4453487,2
2006,161.61,117.34,32.531,13.66685275,-34.60811896,27.25717246,0.212164793,3.09229891,-25.28763777,7.347847607,-25.19612167,-42.12313685,6
2006,153.34,121.27,35.889,13.01511917,-3.452136661,-47.87465982,4.21760821,-20.15466643,22.86169819,6.896078326,-23.20877745,-37.99757178,15
2006,151.84,113.38,29.044,38.30490655,-4.576982966,27.03700834,11.5715547,38.6381628,-19.0337936,7.579503658,-25.04336612,-40.16208467,12
2007,166.32,109.04,25.172,38.35355918,-19.69283315,16.02099695,-3.218079567,86.33137594,-0.549028987,8.082246933,-26.22446506,-41.20481933,6
2007,147.19,103.84,33.171,-19.96658778,-38.09204936,-21.28020344,-1.519964594,-12.55198335,-22.60253418,7.824224217,-24.93760555,-38.39781544,11
2007,131.18,105.57,37.395,-21.71252948,-23.0798004,-36.84035791,11.62127705,-16.39415886,-23.79434419,8.184946827,-25.63187989,-38.68388316,15
2007,121.76,111.74,42.097,-20.28458221,17.47270128,-40.2854736,6.090730193,14.61274463,-18.79513732,8.180075774,-25.17568454,-37.2487113,3
2007,113.11,113.03,46.936,23.17805321,-1.572099531,39.51405442,-0.890126383,5.211127045,29.07861187,8.484402945,-25.6690071,-37.23892697,1
2007,104.54,114.97,46.552,-29.03098692,9.701458373,-37.65449001,-4.851958592,21.41563177,-27.91092214,9.016333466,-26.82146111,-38.15942357,8
2007,108.05,99.67,40.619,-5.549167787,14.34679123,-45.69669338,-12.02541798,74.56265874,-7.000452785,8.800104117,-25.74556267,-35.92706527,4
2007,99.016,96.181,40.56,-41.45368957,20.11793067,5.755967736,0.180754748,-8.724668438,-18.79846206,9.833115455,-28.29840614,-38.73875644,10
2007,90.154,121.95,49.775,-30.04957684,33.47446552,17.86560323,23.28217085,-12.22033244,-9.155949359,10.31627853,-29.21064669,-39.2328052,16
2007,78.992,123.12,47.801,9.799113218,-3.646404259,46.96873841,-1.513681247,-53.56910511,-16.25111699,10.04052262,-27.97755301,-36.87214829,4
2007,94.474,114.1,47.137,34.30226694,-17.62059269,-24.12949807,-14.05661763,51.03367999,-10.24553678,10.43817024,-28.62847613,-37.02708213,10
2007,90.887,103.76,43.259,-1.284265221,45.91778279,7.602620374,-3.192320133,-39.04164104,-18.01563783,10.61822172,-28.67005316,-36.39405014,5
2008,114.87,97.264,108.58,-15.89587242,-15.28409038,39.39040358,3.554474648,70.38419909,0.240227718,11.1130366,-29.54554996,-36.81449433,5
2008,108.37,94.429,81.479,-36.48178236,33.5467063,2.322305642,18.97682162,-16.95012283,2.953545125,11.16178067,-29.22487694,-35.74742591,9
2008,100.28,97.956,108.14,3.302845819,40.98705809,-23.50844628,-20.01923361,41.13505129,8.66106502,11.07968004,-28.57466344,-34.31430892,15
2008,102.54,82.524,99.554,26.81002498,-21.99343475,-31.9150496,-0.602659339,-9.726360925,-16.76975313,11.25852836,-28.60505101,-33.72655335,1
2008,104.1,83.951,79.987,31.25603009,26.48921329,23.13913135,0.653288609,-7.616921449,26.62333672,11.79424723,-29.52628346,-34.18239919,12
2008,94.431,87.296,99.902,-0.133712359,1.05678012,-47.72652429,-14.1728963,23.5208202,-4.873018729,12.36344097,-30.50166073,-34.67429098,5
2008,94.769,86.922,75.789,44.9369061,10.68724097,18.93407158,-13.09321695,31.9367626,-13.32076702,12.96371016,-31.5228192,-35.19020168,15
2008,86.891,102.47,108.91,28.83762272,-35.1348664,-18.38360621,-3.930735233,-63.13721509,-6.782966289,12.9499856,-31.04135622,-34.03052899,13
2008,91.068,106.36,90.524,45.10541871,1.241582113,-8.805168942,-12.64304833,62.10775024,-1.665427676,12.82482059,-30.30822462,-32.63134591,2
2008,83.497,93.506,98.54,29.88143104,-37.76372714,-13.38980458,-6.575792601,-16.66096272,-25.81552065,12.77138265,-29.76084088,-31.46862764,3
2008,85.833,94.622,78.99,0.970336318,44.39545565,8.728191289,-5.381718429,3.944813773,21.23214745,13.94564977,-32.04812444,-33.28138917,13
2008,80.972,109.29,95.887,17.34077483,3.303469199,46.03739307,-5.623928475,-81.90479274,3.339093658,14.43998578,-32.7298485,-33.38209638,3
2008,73.314,107.42,91.526,2.977427732,0.909396319,-45.74836074,-1.893946889,-44.47338208,13.79893452,14.38234598,-32.15699423,-32.21193748,14
2008,76.473,98.28,85.072,-32.2283373,-8.154403983,-32.23600915,14.16903829,1.318894968,16.10426943,13.87906573,-30.61455507,-30.1188621,10
2008,69.678,103.28,82.226,41.16942451,-17.93681312,8.530120406,-7.221811995,74.5876453,1.261100461,15.11627006,-32.89927537,-31.78776203,6
2008,100.2,102.32,81.506,-22.8259767,11.48355781,40.17788057,10.22646778,-58.91466416,12.27501081,15.8765558,-34.09749098,-32.35558128,10
2008,97.627,96.262,81.506,-9.019744281,-29.63431196,37.97316036,-23.63786086,27.85197423,-8.653058428,14.83538233,-31.44403926,-29.30250325,13
2009,166.38,101.7,24.671,-13.37892844,44.76311397,-1.139171623,4.301220331,86.67685143,2.578227311,15.43982843,-32.30004511,-29.55914177,10
2009,129.29,84.321,37.261,13.56823838,-33.07341737,32.29935086,5.87275435,57.82799916,16.72776544,15.91409685,-32.86321012,-29.53247464,1
2009,102.14,89.444,48.667,9.514041542,-42.14042236,18.15444746,-1.348910649,24.31891478,17.58017319,16.8320734,-34.31451543,-30.27916268,9
2009,156.45,98.452,26.321,-5.134659361,11.59870497,44.67337504,-0.037220531,37.37449272,-14.7618472,17.26924687,-34.75918478,-30.11498837,13
2009,162.79,89.803,25.612,-12.85543207,-4.60331456,44.90672892,0.954965101,2.215591119,-19.01805591,17.08229,-33.95006656,-28.87804545,12
2009,149.87,94.931,28.58,-8.802177953,33.49952229,31.67816797,3.622810326,70.83568007,-1.57355173,18.03633787,-35.39830619,-29.55877581,4
2009,146.23,86.874,30.633,18.74341853,20.80592152,-40.53016397,-3.640422956,-81.36257266,-4.961685055,17.47540968,-33.87202203,-27.76389186,2
2009,139.65,94.892,33.069,-29.08794168,-40.50188805,-1.222947968,-13.05313501,57.19471382,5.00389863,18.68808525,-35.77644042,-28.78231091,16
2009,137.43,84.523,33.381,0.008962373,0.069824839,-45.01505938,-3.930567036,36.35178884,25.51642949,18.95375677,-35.84132162,-28.29771463,8
2009,119.74,90.195,40.83,2.671066144,45.96739948,5.663908546,9.457398034,-61.29025632,7.000752447,18.18584225,-33.97154351,-26.31881001,11
2009,119.01,79.643,40.312,-29.47200169,-33.86740722,-12.55408495,-6.127088898,77.94087172,-9.533620411,19.46391199,-35.92037461,-27.30331599,5
2009,111.62,89.057,41.665,19.11188532,25.43090077,-36.70252926,-2.444008987,79.08553698,12.37470225,18.16772683,-33.12644919,-24.7006226,11
2009,107.47,80.097,45.601,24.36428756,-35.23423577,14.47396446,-7.21265841,51.65322993,9.56563667,20.20693425,-36.40592032,-26.62521825,13
2010,113.77,140.65,92.401,-19.02258238,-10.6138053,-42.62075493,-15.46454571,-56.467023,-12.08621342,19.3749302,-34.49385908,-24.73861161,10
2010,107.87,133.71,72.841,-19.9825424,-37.92864834,16.20482526,-0.619118203,-1.051368109,-29.10441545,18.99145566,-33.41348474,-23.49558347,16
2011,59.772,128.08,48.535,-7.34505012,-14.77540932,-44.13490406,-4.46383542,-15.34968881,21.74722768,19.89662793,-34.59678888,-23.84755192,13
2011,48.894,130.67,54.497,-48.93859472,-2.870979978,2.650604148,26.74243808,1.23602418,-2.484516776,21.59083584,-37.10638032,-25.06724314,4
2011,52.408,119.32,65.447,-12.64384706,-0.371762182,-45.15929089,15.0816066,36.9681012,-8.918968676,21.25254272,-36.10289423,-23.89735832,5
2011,47.657,119.57,47.447,18.71187298,4.268021582,41.46662875,-8.877064595,40.46930936,-24.64935577,21.47684003,-36.06465687,-23.38474714,14
2011,71.392,120.2,42.85,5.485569033,-1.897875053,47.49225168,-4.785456721,-22.18149547,-26.45869517,22.25653665,-36.9467973,-23.46154446,8
2011,65.322,114.39,51.254,-14.45658873,-37.37523336,-23.25818007,13.70180924,-45.09362983,20.59179779,21.39136293,-35.10687268,-21.82625589,13
2011,61.259,110.22,66.095,35.73985542,-28.89021782,-11.58405081,5.488783344,-5.016148738,-16.70530448,21.92225158,-35.57125726,-21.64531981,14
2011,58.278,109,46.226,22.32024842,-10.60172991,41.80301687,-5.2263946,73.17681558,-6.097020641,21.26301546,-34.11335292,-20.31088528,13
2011,90.192,98.61,52.108,10.73266349,9.620953555,46.63156761,-9.505081378,-36.77332939,-18.42431176,21.79288627,-34.57197334,-20.13359357,8
2011,93.183,91.49,54.272,43.69824453,1.137679965,-23.58621526,-7.486433148,-38.85247125,22.98908877,23.81844392,-37.3642526,-21.27598405,15
2011,82.655,92.051,54.625,-18.61605008,5.261556109,-42.74138754,1.740351607,6.329885506,20.31696284,23.7518955,-36.84661491,-20.50692993,3
2011,87.273,86.114,61.14,-2.048278583,-9.768783076,-44.80664015,5.266395568,-3.352781386,27.74747836,24.18154588,-37.09898198,-20.1723952,7
2011,81.698,107.98,55.509,33.54404887,-17.3351023,-30.52281754,-2.628901727,6.199633309,-16.36802549,24.82493426,-37.66744458,-20.00162694,6
2011,76.932,104.59,53.154,-6.580066972,-14.61163625,46.78573694,8.562723182,80.03471287,-2.115106606,23.50687533,-35.27718346,-18.28503371,7
2011,75.935,95.237,56.213,-10.02070676,45.85513185,-2.224117633,-5.862714491,22.21972673,27.63418609,25.21666306,-37.43068087,-18.92858521,12
2011,70.235,101.26,56.704,1.369289041,11.24831102,-43.65151338,2.520755578,74.81047374,12.23786172,24.25727118,-35.61579767,-17.5627867,1
2012,229.08,124.18,57.625,-44.40784904,17.09703425,-12.66802531,4.178627751,-3.761930889,-21.62358106,25.4976615,-37.03229016,-17.79705801,4
2012,210.25,122.48,54.085,-31.86906601,36.44316707,4.164270002,11.59952548,15.68413724,17.60280369,26.2095508,-37.65628919,-17.6263441,14
2012,216.87,111.79,62.878,-2.354168227,-2.146027793,49.46237154,-6.252502509,-5.270443535,-14.33577924,25.37778575,-36.07007199,-16.43430249,10
2012,200.01,121.43,54.813,19.90189176,-3.209046846,-43.77671588,-2.797128961,42.13868916,21.46940871,25.93269655,-36.46475565,-16.16070774,15
2012,190.37,117.74,54.414,15.354899,22.57183647,-36.20169539,-13.41634088,-67.22050709,-2.502336281,26.85775992,-37.36320926,-16.09520172,15
2012,202.88,106.54,62.43,-15.19381978,16.15403572,42.94997455,-21.82511134,-16.64120822,8.744222608,25.50934175,-35.11059679,-14.68977961,16
2012,195.91,97.958,61.903,40.1076172,-15.17421712,25.37123146,13.550713,-47.44045372,12.53831464,25.3320477,-34.49761488,-14.00637433,14
2013,111.06,128.06,57.654,11.88582763,2.258923747,-45.19406598,-1.394294714,11.05473655,19.33853472,26.17152284,-35.26486671,-13.88180765,10
2013,106.55,117.04,59.097,9.512188094,-32.56135342,-35.03471263,15.50595414,20.55107253,1.010928809,28.2391306,-37.65070914,-14.35560895,10
2013,97.973,134.81,62.308,-17.6859168,-9.949775791,-45.58665166,-13.48222291,38.41069487,13.88114092,27.94668765,-36.8700999,-13.60228829,1
2013,95.785,123.44,58.142,39.64727977,-24.95936707,14.05637265,-17.229071,55.54919723,-10.84562343,28.00337642,-36.55859605,-13.03539825,8
2013,83.398,140.87,61.223,44.71193151,8.152019476,-5.065884938,1.452264291,-82.27185238,-7.55478729,28.58378376,-36.9272043,-12.7100025,6
2013,82.957,131.58,54.721,4.73705081,-4.211757183,44.96979562,-12.45680147,6.652701431,22.31288505,29.55373623,-37.78319105,-12.53672719,8
2013,71.612,137.73,50.426,-20.79435145,32.47347035,-24.51939166,4.396500253,39.96268154,19.38617672,28.91499781,-36.58308608,-11.68485475,13
2013,58.984,136.65,53.619,13.86225689,41.24162714,18.28352451,13.03644089,48.74889431,1.5907518,27.51797379,-34.45525313,-10.57717679,11
2014,229.95,133.08,65.206,-6.356168887,33.79131548,34.3013917,13.21159385,-6.303135047,-22.56515271,30.44248663,-37.72344118,-11.11082099,5
2014,204.78,134.28,59.309,42.25425837,-20.13760547,2.203244886,-17.76826582,26.25129109,19.8449556,30.06461807,-36.87133968,-10.39967778,7
2014,191.3,134.7,57.545,-46.76844344,11.79746406,11.95727542,-9.825141533,0.257638762,-25.91620799,28.67576317,-34.8064409,-9.381625354,10
2014,216.8,136.03,56.229,43.36206984,-1.113486724,14.33465812,-13.11014515,-21.5188472,24.75573982,29.09323004,-34.9507773,-8.981672982,3
2014,216.34,129.13,66.912,9.674746158,-2.602562334,43.98253467,-3.638290254,86.925506,-1.345592118,29.04679786,-34.53757118,-8.44026582,16
2015,181.08,92.94,30.402,3.841451222,-9.959705865,48.59910119,21.39523878,38.89956486,4.910734037,31.54326167,-37.12245077,-8.602318571,2
2015,171.27,86.674,36.131,0.233901191,0.668054058,-45.59691429,0.142296699,73.20395014,-10.99778809,29.1520447,-33.95806745,-7.437588632,6
2015,176.09,81.2,42.454,21.65502857,6.721868642,39.81386037,0.650095864,7.112401656,-19.78691663,31.05567993,-35.80682426,-7.385446446,6
2015,162.12,84.617,40.96,-3.719040223,-9.852450044,47.26858164,-2.875489449,-80.3634153,-10.89190944,30.33608127,-34.62115042,-6.696747844,2
2015,163.46,76.86,42.942,42.44316518,-23.1794677,-8.003577041,-22.58670514,19.94464148,-6.32050727,30.49348207,-34.44706707,-6.218790809,6
2015,152.33,84.412,36.72,18.44597318,-41.96534746,-17.91058162,2.245117304,24.53577394,21.39850667,32.95462273,-36.84938825,-6.174496518,16
2015,152.23,75.717,40.995,2.136418936,-47.3318365,-11.23704263,-4.25765344,8.990711862,-19.82300018,32.11213505,-35.54322667,-5.491786063,16
2015,139,86.432,49.559,42.57035453,3.272921479,-18.94337854,-10.91820783,-10.74634695,-14.1260744,33.20345757,-36.37887551,-5.143094024,12
2015,143.59,75.549,43.383,7.508943907,31.37383198,-34.23893417,11.63243262,33.1368562,12.95868901,33.46369193,-36.29294419,-4.651033105,14
2015,134.88,73.189,50.502,21.0319581,20.61856465,-38.99677735,9.205310644,22.23898613,-11.6957751,33.58942458,-36.06093099,-4.141055137,12
2015,128.9,77.075,52.656,-40.41748073,13.32640323,23.99631606,-23.71672598,-5.32438383,13.08165995,31.08101625,-33.0307764,-3.349906735,12
2015,121.01,78.777,53.049,-24.39605951,33.28668881,-20.22327583,-10.12609879,-73.79847393,-2.523043364,33.07447051,-34.79432322,-3.058265175,16
2015,116.13,73.443,58.298,-4.628063676,8.079900914,-49.0633718,-13.91300369,44.23958952,9.36822887,33.59423669,-34.98440221,-2.598039309,4
2015,104.21,86.183,61.557,-44.67574559,8.968831597,18.66465121,22.70425573,3.118343479,-11.53074412,32.44315512,-33.44481205,-2.023877566,3
2015,103.71,77.951,66.65,23.50768012,9.827704444,-38.42311615,2.638490476,14.85494904,-20.15292086,32.54118553,-33.20751686,-1.548907568,16
2016,138.91,114.04,40.848,30.96204167,-26.46339409,22.95900213,-0.059306872,38.67985455,19.34207008,34.34906498,-34.69894008,-1.132745913,10
2016,123.59,118.61,52.896,36.01769399,-5.814591216,-28.48582439,11.04641621,-48.73581162,13.82953734,34.0179901,-34.0179901,-0.62977742,3
2017,145.29,136.31,117.86,-35.23495848,-27.78798682,20.53107889,-8.562782899,-66.76857486,0.222028559,34.77013951,-34.41954649,-0.145990558,7
2017,136.51,135.99,126.92,32.07987264,-17.56440193,27.76327407,13.43116251,58.23334795,-18.18329921,32.85956796,-32.20021846,0.327667584,8
2017,127.18,135.99,127.18,-31.94625644,18.48255923,-26.97576864,2.244643351,-16.01172941,16.79053975,33.00040625,-32.01205907,0.792158137,2
2017,121.77,131.99,117.93,36.91580564,9.664414825,27.48044883,2.114152188,70.68182819,-16.2447048,35.9698022,-34.54048012,1.363451693,7
2018,189.57,98.562,86.546,24.90565518,-25.93648059,33.93205008,9.036446883,37.91464967,-9.337700042,36.17430369,-34.38623977,1.869504991,11
2018,181.08,93.965,85.086,41.60425349,-21.13719914,11.15547375,-13.93395947,23.60354239,11.84272428,33.96414595,-31.95929031,2.219056412,12
2018,193.3,85.363,83.665,-18.49451838,-30.60322902,-33.23395364,17.56478034,-19.37328316,-2.519197621,35.1272852,-32.71976803,2.770680256,3
2018,185.55,83.34,75.204,-16.66237838,3.928316872,-42.48398875,-9.866442383,45.71939241,-22.28995774,34.39760147,-31.71610252,3.175122837,7
2019,224.87,95.073,65.704,-8.40399741,42.89004161,-17.71323328,-8.671969121,-22.88526915,14.00579638,34.42489868,-31.42003833,3.636435844,16
2019,207.05,90.245,62.662,-30.37821297,27.47598976,22.73187586,-5.747638805,42.34777653,12.36179154,36.78454574,-33.23362596,4.372316259,4
2020,212.06,94.591,79.333,-10.13984894,-6.212077229,-47.17237208,-4.343836932,-41.01309685,13.72031721,35.61310114,-31.84900397,4.700881457,1
2020,202.18,96.932,81.394,-7.711212761,-6.642802392,44.05594911,2.719948359,-16.21999959,20.58659932,34.77236901,-30.78144822,5.043607437,4
2020,219.43,86.766,75.066,-19.6675749,15.98632535,39.55192225,22.11752551,-6.010350149,-16.86868024,34.20030949,-29.96732794,5.40403181,2
2020,213.09,84.04,78.494,21.22804271,20.42776199,-39.17901287,-8.149512668,-63.3347744,-9.505132522,37.16839181,-32.23658348,6.352003427,9
2020,207.45,83.106,80.299,-6.439798428,-30.99753277,-32.22783276,-6.400180869,78.44807678,-6.898670607,35.57091092,-30.5366254,6.53479306,11
2020,200.94,84.667,83.83,6.312315666,8.053525011,46.68328277,-5.228587603,-24.40247442,-25.14045677,36.50160315,-31.01572217,7.171003978,9
2021,85.705,133.68,72.908,3.454152064,22.15764222,-39.74679641,14.9651984,24.81890481,-22.03694099,34.22063588,-28.78024884,7.15688145,9
2021,70.448,136.16,66.147,7.443189337,36.60877432,30.43570627,4.746949497,6.494599031,19.55989037,37.18417949,-30.95232699,8.246068022,11
2021,56.225,130.98,56.995,41.27320402,-13.7737188,18.43545518,-0.809094072,-33.54818106,13.97089411,37.00757819,-30.48920029,8.672071542,4
2022,122.44,124.34,137.14,4.914409079,-42.91680371,-15.37791574,9.134299398,-16.84121326,-12.09766778,37.033779,-30.19706989,9.141882359,10
2022,123.22,111.39,125.2,12.44511639,-13.27851934,42.62030156,-9.740369056,-14.04648366,-16.32264918,37.73542235,-30.45215533,9.785855236,5
2022,135.38,96.199,119.08,34.44537924,22.12279062,-23.97634911,-9.467335932,-36.33816634,-17.5639167,36.33312161,-29.01774903,9.874019239,6
2022,126.72,101.13,117.83,-45.16627711,4.099339718,4.208546816,-7.229430092,-76.98346874,2.834605705,36.13513067,-28.56093721,10.26828724,4
2022,154.23,93.681,89.623,-43.175212,11.82348489,-12.60004936,-4.942185463,-84.13806131,-4.01420788,37.09138273,-29.01260881,10.99880273,16
2022,162.34,81.311,85.939,-3.323978648,-3.500051312,-49.44402541,-2.040745158,4.640785429,25.10956803,34.83631947,-26.96531844,10.76007227,14
2022,142.2,88.928,116.46,15.31610192,22.90447397,41.15767579,-25.10374741,4.392400197,-10.28117418,35.61897329,-27.28363845,11.44066215,7
2022,148.33,84.602,111.1,-23.21650475,-22.41005228,-36.71824319,-10.70733268,-45.06290025,10.33492813,36.82625004,-27.91345046,12.28151379,2
2022,160.52,72.792,90.322,4.221632946,-7.267531677,-48.03580763,-3.384491815,46.48147983,13.25204257,35.52047713,-26.64139443,12.28259416,6
2022,153.25,74.956,90.917,2.906876289,-7.673242368,48.53360103,-14.57387926,-16.66312826,4.495821049,35.43490574,-26.29771587,12.68820711,13
2023,164.78,138.31,105.59,21.76310396,10.05463344,-41.88165504,-0.483577091,19.76743412,28.19552281,36.29617261,-26.65275206,13.44223812,13
2023,150.32,138.88,100.81,45.06169222,4.750378146,12.51260875,-0.989559776,32.65432884,19.50123254,36.43228964,-26.46960782,13.93997607,16
2023,138.12,138.55,100.91,24.25056595,40.82905824,-12.84108105,17.5298623,10.74201401,13.60242829,37.1446615,-26.70066144,14.6688104,16
2023,126.35,138.61,101.38,-2.567257015,-6.366618574,-49.05624585,17.18620582,50.67011333,1.018494294,37.80926779,-26.88887532,15.39605817,10
2024,139.11,126.36,133.69,17.7536264,12.60825358,-40.79250828,-4.023155863,-9.354484811,21.58997765,35.85954525,-25.22966566,15.04345221,2
2024,146.07,118.44,124.65,-3.92160129,-19.90012371,43.44559618,-12.30574748,-42.38072985,16.94100171,36.36897464,-25.31355344,15.70544176,16
2024,137.17,113.69,121.61,21.64365566,0.757565303,-40.96747596,0.939123288,-14.36674455,-18.90245611,36.58608073,-25.1904351,16.25100538,9
2024,155.6,110.98,118.22,-37.48034434,-25.74976851,12.84590337,11.98068761,58.36537451,12.11426878,37.96909895,-25.86006182,17.3352745,14
2024,157.34,101.59,117.86,23.32629066,21.38412458,38.59699965,-4.177683001,51.33934814,13.86478194,34.84597654,-23.47537445,16.34181062,14
2024,149.92,99.432,114.6,45.61568898,6.610962719,-18.51868845,-12.39511283,58.65915956,4.555123189,35.53866351,-23.68111199,17.10902748,2
2024,143.66,104.92,116.52,31.24904718,27.39516002,-17.56527596,-0.285387011,-1.533092742,-27.5260439,38.35078884,-25.27529601,18.94183249,10
2024,180.96,83.755,91.101,-28.89678982,-10.96740936,38.54617176,-15.95483402,62.1398495,-6.172910285,37.42445364,-24.39369207,18.95349305,11
2024,173.18,87.97,75.409,-13.93625042,-11.42901482,-44.34597916,5.412653236,31.539414,24.22831247,35.9256001,-23.15819517,18.64667091,10
2024,179.64,77.158,89.86,-8.620661476,-27.29515686,38.99249836,-24.48063038,-3.930800456,14.45855618,34.73714046,-22.14374902,18.46910755,7
2024,172.33,78.565,91.307,-0.811704547,46.35235364,18.42265635,-5.092193704,55.85603875,14.72275366,36.62943509,-23.08983364,19.94070446,14
2024,167.83,94.759,112.83,8.286316261,-12.09955937,43.64177523,10.8464489,-64.45639593,-1.120476679,35.23104615,-21.95967897,19.62953597,5
2024,168.48,94.983,78.491,30.07307715,15.78467908,-32.38306526,-25.61072819,-4.690462817,-4.073508198,37.62648688,-23.18887144,21.44763116,14
2024,159.62,91.768,112.24,-14.26677275,5.830549398,-45.57889129,19.13348458,4.987835713,-10.86848531,37.39179167,-22.78361258,21.79719051,6
2024,165.4,85.822,101.6,-7.315832106,-47.30062389,10.93341787,-0.511938223,-10.14631846,-20.92395586,35.95656034,-21.66002364,21.42832455,6
2025,113.36,136.5,115.92,4.045827362,10.27400305,-47.01705534,1.747030631,54.4760693,-19.37948614,35.71701726,-21.26981739,21.75342243,8
2025,103.44,140.56,109.39,36.9102359,33.4678212,-1.501992113,-7.695641575,-78.42544006,-0.64503178,36.53931563,-21.50944911,22.73633103,1
2025,100.34,137.22,85.265,33.84198945,-29.76829289,-16.39820419,3.442314411,74.50099946,-2.631632221,34.27937646,-19.94590643,21.78582097,11
2025,105.08,129,85.858,-15.50534749,12.52145313,-41.85392408,-14.60148221,-56.83734143,1.054455148,34.52631495,-19.85609834,22.40544471,11
2025,79.048,138.52,94.038,-4.110245407,-7.974690189,44.20888428,15.80653562,33.62140405,-10.34177008,35.99958929,-20.46133796,23.8479961,14
2025,92.887,126.53,77.737,-46.3505364,-0.092794554,-18.51729286,-8.594103437,-34.40616153,14.28940617,37.51874336,-21.07398398,25.36584573,15
2025,79.172,127.17,83.004,-43.36677808,14.08525343,-11.50862721,5.303244448,39.86548267,-18.76768734,35.95129841,-19.9545985,24.80074694,5
2025,89.777,139.73,101.89,-11.61501308,-44.71605059,-6.349934602,3.514932837,-60.61756054,-9.777192622,37.11402305,-20.35465463,26.11837244,2
2025,90.34,141.44,86.518,-43.21951964,-18.88336923,15.17464157,-23.42590965,43.72150145,6.224864542,33.98185221,-18.41349897,24.39090351,3
2026,202.32,134.82,80.24,-38.64108926,-22.9236122,9.45177069,4.615324689,-83.39370808,-3.397669459,33.7283689,-18.05566461,24.68707512,9
2026,211.56,134.67,80.291,14.01599125,-15.5663102,41.53000616,2.461710392,6.585126473,16.57378964,34.99513872,-18.50627482,26.115705,14
2026,210.67,128.8,82.476,48.86725741,3.058025406,6.892061345,-10.17416424,-46.35319775,-21.10281169,34.43016167,-17.9848467,26.19295339,9
2027,242.62,115.98,77.655,37.6285594,7.492368187,30.59843832,12.01346889,17.42595466,-10.93775295,35.98571902,-18.56591798,27.90382631,15
2027,239.23,107.86,75.21,-29.21315212,34.19134174,-14.98469926,-1.188376189,26.87006139,-27.18450659,35.86091819,-18.27205046,28.33902533,13
2027,229.15,120.24,104.29,-7.885649007,44.39927032,2.008087363,-0.122399274,8.488123227,-19.44048816,34.40351271,-17.31044563,27.70401912,1
2027,235.03,113.42,91.714,34.1537626,12.35015641,29.41675732,0.038090309,0.006869551,17.53021037,35.75373344,-17.76336393,29.33520109,3
2027,221.21,114.03,106.32,-26.13843367,-4.473808951,-42.13910813,10.83307273,-18.16829811,-10.02372326,32.80493929,-16.09159095,27.42144138,9
2027,227.47,105.29,97.449,41.78523798,1.007160284,-19.72627223,0.018719642,0.20043272,19.00280343,34.6241314,-16.76682766,29.48311368,3
2027,235.21,100.2,78.37,13.48201499,41.37724184,21.5895961,0.487973712,1.212260947,-23.89918889,35.33547894,-16.89080404,30.64877717,3
2027,229.34,94.527,85.233,5.081677628,-44.67818293,5.858738014,-5.844305168,52.24837475,15.66723092,32.71035352,-15.43283281,28.8977175,10
2027,207.3,114.07,107.61,10.50982785,15.03507045,42.57353516,-9.805148853,-16.9916126,-14.50576256,33.68847807,-15.68611022,30.31155995,7
2027,211.89,105.98,109,-43.7435721,-17.34547328,-9.379934696,-8.14883862,-10.53153506,12.912788,32.21542365,-14.80205988,29.51995835,5
2027,219.77,91.106,94.396,-1.532678133,-25.13606281,-42.38418571,-14.19236102,-63.09560645,3.650168569,34.22783445,-15.51714089,31.94012319,6
2027,213.3,97.183,102.75,6.986892232,-28.49708133,40.2800436,5.977599666,-28.93285818,26.1615098,34.39152808,-15.3817503,32.68119878,3
2027,198.69,100.96,110.58,-9.286412588,14.44973887,-44.62856943,-1.324990244,-69.98673802,-9.312836673,32.18656969,-14.2002982,31.14571822,16
2027,184.53,96.488,107.18,-37.40462516,-20.29690822,22.7776235,-17.08477718,53.82298162,6.403551381,33.28818079,-14.48525675,32.80064333,10
2027,200.96,90.803,104.49,7.3266907,18.49538187,-43.2586048,8.344612258,-69.8321794,-5.378401396,31.71999071,-13.61212006,31.82651824,9
2027,187.6,89.45,106.17,-38.53214921,9.521908147,29.00787586,-13.3218978,49.9773636,12.96827784,30.97631982,-13.10752277,31.64815633,15
2028,246.36,124.67,88.293,-1.396443659,4.954715772,-47.36887101,-1.840315868,-0.061944943,29.41954221,29.98097843,-12.50761199,31.19099496,12
2028,237.33,130.45,90.537,-18.10623351,40.7071856,-19.77278362,-6.800947051,64.51043798,-9.863868564,30.03623525,-12.35235483,31.81995953,11
2028,227.29,131.08,99.405,46.83670213,-4.232773101,-4.022681065,19.29310894,-16.18063048,-15.71651998,31.98655183,-12.96532175,34.50655943,16
2028,207.74,136.8,109.44,34.05836604,5.907729023,-32.64587903,-14.39303754,-53.3513807,1.107434884,32.27142186,-12.89079028,35.45237911,14
2028,211.66,122.58,110.43,-3.009087161,-2.0917101,48.48206483,5.516906203,-17.39344633,25.3633946,30.15384299,-11.86811016,33.73490426,9
2028,203.05,129.23,113.73,-9.624459283,22.9662912,40.46767169,17.36320904,5.029208835,-0.248228313,30.59609302,-11.86347905,34.86039751,8
2028,192.79,135.15,117.67,9.405966552,3.269742354,-47.13888877,13.02391331,0.287629748,16.04221053,30.23883622,-11.54903948,35.09009665,10
2028,191.64,123.72,122.45,-12.72025545,-38.37650827,-21.02208456,5.854563663,-6.488620876,16.68445722,29.23954958,-10.99793996,34.55973957,15
2028,179.59,120.39,126.24,21.5746389,6.009260827,40.9059262,17.51032518,-15.90631967,-16.0802557,28.23148401,-10.45579355,33.98948278,16
2028,156.5,134.28,122.54,2.066701194,-2.347579745,46.380314,0.513687512,3.889904108,-25.00999831,28.80668984,-10.50314838,35.33049278,14
2028,168.35,119.56,129.44,-0.558036074,-1.268711734,-48.2868632,-5.704526909,-81.25471662,0.100027532,28.16639548,-10.108294,35.19421015,16
2028,157.93,117.76,130.99,-8.379220653,24.10249369,41.32871536,-11.25127416,59.40364284,-14.52894282,28.05584367,-9.908438549,35.71813445,13
2028,227.03,136.94,89.31,12.10365887,42.30271743,10.25922067,1.344072815,-82.26182852,8.773398487,27.07654242,-9.408542882,35.12609015,5
2028,222.9,133.32,78.732,-10.71128981,-8.23189226,47.53934004,0.902640263,-45.10876723,18.70612798,26.97773208,-9.221272581,35.66668831,11
2028,218.2,133.66,110.97,-12.95344497,14.70728098,-44.97246111,-20.27097009,0.571639808,-9.340198072,26.89429105,-9.040816064,36.24029551,15
2028,216.53,131.69,86.613,-44.74635687,1.332741981,13.34091428,25.32768886,-4.18557404,1.25124626,26.88247699,-8.885492377,36.92604427,12
2028,179.96,135.96,125.54,-36.49111132,29.63137295,3.329777781,9.720661203,65.63730152,-2.461507327,27.04272347,-8.786713495,37.87106801,12
2028,181.01,133.49,111.42,40.76030773,-1.972316279,26.71567865,-2.260108412,37.17629091,23.71333404,27.73027038,-8.855019201,39.5977826,16
2028,171.44,133.86,128.11,-32.29723842,-2.877320985,31.49858848,24.51154712,8.585536721,6.533353072,27.06290122,-8.491040037,39.41133581,10
2028,165.48,133.25,126.56,-14.79590683,-8.194144505,42.40845983,9.920671875,9.146287162,15.82613158,27.47263538,-8.466926684,40.8086369,8
2029,104.61,130.65,127.5,-29.49864585,-4.624281687,38.04029246,4.6601403,4.089704103,23.21401217,26.86200279,-8.129923405,40.70752627,3
2029,97.989,136.16,120.88,29.898416,8.696459069,35.42945567,-1.079658604,-0.049386239,-17.51604843,26.25012724,-7.799761704,40.59165037,7
2029,92.506,124.21,120.72,3.681566128,-29.11341391,-38.74363681,3.243339993,22.88330232,-18.6992867,23.92752147,-6.977890632,37.76255802,4
2029,89.632,118.84,105.04,1.324051514,3.328325624,46.47859223,7.555704056,-64.03732165,15.42514376,25.18185072,-7.205438629,40.56993782,14
2029,111.26,123.04,123.55,21.95073607,-13.84579573,-40.36892301,-12.69408147,14.79655426,21.36054249,24.69660533,-6.931401737,40.62627216,12
2029,114.82,111.69,109.77,-5.877009575,-1.582436466,46.32793497,6.521088686,-2.129625817,27.56241871,24.02598114,-6.612036883,40.36542136,5
2029,102.74,111.16,116.81,10.31506559,7.339242809,47.97651691,5.525869246,-8.984717758,28.50908836,23.23569877,-6.268069279,39.87991648,2
2029,98.061,115.27,104.39,38.43314772,-26.14742347,2.592634464,-10.64053035,14.271763,14.10125526,24.14238494,-6.381601581,42.34152015,6
2029,82.497,134.78,109.02,-3.444584196,-2.727068791,45.73042695,-2.42424264,-20.24560092,21.61289772,22.18951559,-5.745263641,39.77827274,12
2029,72.163,134.88,99.358,-2.381550118,-44.18911257,-16.88289804,8.349313883,19.28498016,25.27640983,22.00347066,-5.578280322,40.33034127,3
2029,74.998,122.08,103.94,10.95675393,1.501106884,48.35556224,10.82472505,-57.76536646,14.73262757,22.23165779,-5.516392842,41.67667159,12
2029,76.997,115.32,88.954,13.67904817,3.643630904,46.22657116,1.619429275,8.283582898,16.25780902,21.91800679,-5.320814583,42.03857803,12
2029,58.571,132.76,90.485,0.220090894,0.198129004,46.83041029,-7.93676475,-0.738927335,-24.9195134,20.78583359,-4.934573771,40.80311814,4
2029,51.197,128.82,80.63,6.212948612,-10.03842463,43.94307483,2.496752596,0.981970736,16.70975208,20.51105102,-4.759682424,41.22438929,15
2029,66.243,114.48,85.991,-9.453876864,0.483583816,-46.93544869,8.497899983,39.43362152,19.95520423,20.01895093,-4.538712928,41.21148678,6
2029,59.538,118.44,88.883,40.44823023,11.9670404,-23.69680658,3.757798252,-2.597205003,24.00908093,20.13104025,-4.45699904,42.46522104,9
2030,193.18,97.036,42.175,6.608977572,36.82816432,-28.28452678,3.186032911,-67.27192859,15.96312777,20.33650425,-4.394510938,43.97674868,3
2030,185.45,101.08,39.361,5.044830715,-42.41827116,-20.32593278,-9.66553888,12.48380641,-25.3444073,18.63738526,-3.928609002,41.33437782,13
2030,179.76,94.103,45.762,26.56623136,37.25879666,-19.71075987,-23.97481987,-2.106947408,14.13075094,19.63877207,-4.035870255,44.69217997,16
2030,186.45,86.982,51.925,2.414806047,5.442319455,47.16055098,16.02320205,19.02008052,-11.79266844,19.58601183,-3.921699166,45.75906859,9
2030,171,92.635,50.433,-22.98400987,-28.93724967,-31.41431733,26.88081549,8.625273535,3.274118041,17.36466049,-3.385495044,41.67229436,8
2030,162.57,89.427,57.926,-2.630488987,-4.46518579,49.51374255,0.708124678,2.399274599,21.12748408,18.34290705,-3.479834918,45.24275005,5
2030,176.42,83.16,58.561,5.798362165,5.958570961,46.25907563,13.87775008,13.63940804,13.99230014,17.1923094,-3.171390661,43.60932077,10
2030,167.01,78.367,64.687,-22.63014189,29.10648417,-25.82514899,-0.204134512,-0.575715625,-16.77515345,17.82080166,-3.194040107,46.5175806,12
2030,154.85,85.57,59.309,-41.67504688,23.48503831,-13.44453843,-4.136660919,-0.605887517,-28.95917716,17.31271409,-3.012513395,46.53690961,6
2030,147.94,91.415,59.233,28.44773519,19.65955413,-32.43144161,-20.67023066,39.10577273,-8.767884615,16.57771771,-2.798151152,45.92149169,4
2030,158.5,75.391,66.098,-1.681123169,-8.782819087,44.79959069,-8.26804494,-5.867018344,-16.95920958,15.07205936,-2.465530467,43.05854016,11
2030,150.55,73.398,66.432,-4.830893831,11.10208915,48.05836778,1.804548821,-68.01744653,-12.30570409,14.91107993,-2.361683049,43.96933237,4
2030,133.8,93.438,68.218,30.72396407,-1.256265497,32.92755571,1.410739886,79.07320467,0.654735606,14.13063372,-2.164733464,43.04662539,16
2030,137.57,83.991,67.334,-36.03114024,-30.19312901,3.833197523,7.555731601,74.23601074,-3.663679999,14.17079378,-2.097452369,44.63928875,3
2030,140.48,73.564,68.985,18.89963572,43.1846462,1.580176848,-10.23043409,56.94421238,-17.50479001,14.24806179,-2.035165861,46.45818816,7
2030,127.24,72.751,72.115,-30.40928908,9.933977028,33.53756597,2.272489342,79.26123238,5.749985188,12.84780208,-1.768773784,43.40984737,13
2031,138.43,92.442,88.1,29.76147311,-3.862655843,-39.54918974,0.411559716,62.18570208,9.059732849,13.57299471,-1.798581213,47.57652418,8
2031,121.53,94.55,95.911,23.62578178,27.056487,34.67550292,-14.27821066,35.32473191,11.90889009,12.46770439,-1.587875621,45.39465811,1
2031,114.27,85.426,97.444,20.1749888,41.5859976,17.07347575,6.580669111,83.88406801,-5.026321026,12.61481929,-1.541696209,47.77354679,2
2031,130.1,103.49,86.547,17.88403012,41.37085903,-13.41246516,0.273274295,-10.75205569,-17.74852457,11.79745118,-1.381168601,46.53913403,12
2031,129.95,93.626,92.431,12.38284349,-22.7254589,37.60563947,17.53838571,-7.858748189,-15.52065435,11.62553237,-1.301361404,47.84719977,5
2031,144.4,82.974,92.523,18.08544122,29.06326206,-29.40609677,11.27059095,73.96538715,6.124320486,10.77818287,-1.151241715,46.36114457,10
2031,144.87,76.799,95.977,-5.93415224,43.43415,14.55527385,-1.20814993,-44.77736364,21.88971863,9.915784861,-1.008336765,44.66030547,6
2031,132.74,82.33,100.02,-16.41879193,23.77972267,-35.85059263,-9.773186024,10.42338416,19.66774098,9.942529874,-0.960181634,46.98704012,16
2031,134.29,76.419,95.408,46.2413508,-9.640170138,7.237611033,5.840363313,-60.7288558,16.60555069,9.334232171,-0.853720877,46.39148409,7
2031,123.62,79.047,103.35,14.30046016,18.66415691,-42.77203043,-21.21925308,17.41979308,9.218439202,8.856830375,-0.764823944,46.41024783,13
2031,123.58,75.447,87.214,17.31258848,38.75472363,-22.97495059,-0.399005672,-2.671957824,27.22842553,8.819644345,-0.716608943,48.86330037,16
2031,113.87,79.105,97.312,43.70681785,-17.19056172,14.14641516,5.129642815,77.01469655,4.827367481,7.959098391,-0.606109016,46.76880526,2
2031,114.97,76.511,80.775,11.99526213,43.51271716,-7.991435665,-3.828393261,-36.84602571,16.4851434,7.403688255,-0.526094437,46.30593091,15
2032,242.96,128.21,67.705,5.985766444,29.84883786,37.39669382,1.284808675,11.80874232,-21.39739533,7.09870093,-0.468283878,47.44642184,7
2033,177.94,112.5,33.549,39.77723139,-10.61400692,-21.84381696,8.668107707,2.590555095,-28.49118176,6.40401204,-0.389876683,45.95159189,16
2033,186.44,108.34,31.355,0.613713682,15.36832482,-45.77305407,0.062651192,-0.023970562,26.6152394,6.388962543,-0.356476808,49.47597278,14
2033,187.98,103.35,30.778,-7.420800466,-33.54887075,-33.13648675,3.904645528,4.761545579,-27.21489223,5.315107559,-0.269551748,44.69532286,16
2034,144.68,92.868,74.927,-18.24124244,-1.59927216,44.56648119,-10.71586861,23.87666194,-16.7104226,5.090863668,-0.232323624,46.825028,4
2035,187.02,106.9,63.04,-48.83874955,5.340980338,5.96851089,8.199457684,-1.986474824,-16.94925624,4.684595451,-0.190002027,47.54086152,1
2035,191.5,99.818,71.191,13.01637126,3.198272814,-44.33593949,-0.100066775,0.3460196,-28.34847587,4.223930936,-0.149883979,47.79867879,2
2035,176.29,102.21,63.545,18.60412161,-19.25518126,38.61544506,7.175594979,-9.964617849,22.9973669,3.724484287,-0.11326857,47.62014645,14
2035,180.75,96.091,63.563,19.56416068,21.02535349,-36.93536515,0.390501571,-24.30749342,14.91666182,3.324493585,-0.084245483,48.84187145,13
2035,167.54,99.317,67.662,-16.55957227,-38.86797232,-25.23668319,-9.778349271,69.80859466,-11.28121372,2.726005904,-0.055259181,47.05674727,4
2035,160.19,100.65,68.342,-17.09487795,-6.084057661,-44.80093335,-0.773520544,-40.28330946,-18.29922655,2.354510822,-0.035794276,49.25528159,2
2035,152.52,101.44,71.753,10.79073479,-11.06087794,44.8458642,13.23362312,-58.78203864,2.477200852,1.816881208,-0.018413213,48.21715711,16
2035,143.97,104.37,76.908,5.949232665,15.59454905,42.84094789,0.167806128,28.49954775,19.70013717,1.356787449,-0.006875016,49.21971021,11